var_names,gene_name
P43320,CRYBB2
P04049,RAF1
P51814,ZNF41
P19419,ELK1
P43080,GUCA1A
Q01968,OCRL
O95238,SPDEF
Q99LC4,Igh
O43623,SNAI2
Q13303,KCNAB2
Q99LC4.1,Igh
Q9Y253,POLH
P11473,VDR
Q86XE5,HOGA1
Q9UIF7,MUTYH
Q99LC4.2,Igh
Q13115,DUSP4
Q9H4I2,ZHX3
Q96PQ1,SIGLEC12
Q9H3D4,TP63
P41235,HNF4A
Q96BR1,SGK3
O60885,BRD4
Q9GZT5,WNT10A
Q13618,CUL3
Q13490,BIRC2
P19878,NCF2
Q13951,CBFB
P54274,TERF1
Q13418,ILK
Q9H2C0,GAN
Q08050,FOXM1
P54725,RAD23A
Q9NW38,FANCL
O75884,RBBP9
P16885,PLCG2
Q9NUW8,TDP1
P25440,BRD2
Q9BR61,ACBD6
O00189,AP4M1
O95817,BAG3
Q14232,EIF2B1
Q9UPW6,SATB2
P07196,NEFL
P49675,STAR
P35520,CBS
P02489,CRYAA
P07741,APRT
O95671,ASMTL
Q9UNE7,STUB1
P09104,ENO2
Q8N2W9,PIAS4
Q13651,IL10RA
P40763,STAT3
P05412,JUN
P00973,OAS1
P01106,MYC
P84022,SMAD3
Q15796,SMAD2
"P29460, Q9NPF7",IL12B
P16234,PDGFRA
"P29459,  P29460",IL12A
P42224,STAT1
P42226,STAT6
Q9ULT6,ZNRF3
Q9Y5C1,ANGPTL3
Q07820,MCL1
Q99LC4.3,Igh
Q86Y82,STX12
Q6ZMJ2,SCARA5
Q9NQX5,NPDC1
O43286,B4GALT5
O14653,GOSR2
Q99LC4.4,Igh
P43631,KIR2DS2
P08195,SLC3A2
Q3SXP7,SHISAL1
P20933,AGA
P15509,CSF2RA
Q9H6B4,CLMP
Q8WZ59,TMEM190
O95445,APOM
Q9H361,PABPC3
Q6UWI4,SHISA2
Q02818,NUCB1
Q99LC4.5,Igh
Q6UY09,CEACAM20
Q9Y2G8,DNAJC16
Q6EBC2,IL31
Q99LC4.6,Igh
Q9Y5Q6,INSL5
Q9H6X2,ANTXR1
Q99LC4.7,Igh
Q99LC4.8,Igh
Q99LC4.9,Igh
Q99LC4.10,Igh
P43358,MAGEA4
Q99LC4.11,Igh
P04843,RPN1
Q99LC4.12,Igh
Q99LC4.13,Igh
Q99LC4.14,Igh
A8K7I4,CLCA1
Q99LC4.15,Igh
Q96A25,TMEM106A
Q99LC4.16,Igh
Q99LC4.17,Igh
Q99LC4.18,Igh
Q99LC4.19,Igh
O15173,PGRMC2
P26436,ACRV1
Q6UWF3,SCIMP
P12111,COL6A3
P32927,CSF2RB
Q9Y2W7,KCNIP3
P41222,PTGDS
Q99LC4.20,Igh
Q99LC4.21,Igh
Q9BRK3,MXRA8
Q99LC4.22,Igh
Q08211,DHX9
Q99LC4.23,Igh
P28072,PSMB6
P01111,NRAS
Q99LC4.24,Igh
P09874,PARP1
Q02221,COX6A2
Q8TCZ2,CD99L2
Q8WU66,TSPEAR
Q99LC4.25,Igh
Q99LC4.26,Igh
O00238,BMPR1B
O43561,LAT
O43908,KLRC4
Q8NFQ8,TOR1AIP2
P16278,GLB1
Q8N6K0,TEX29
Q9HC56,PCDH9
Q9NQX7,ITM2C
Q96LB9,PGLYRP3
Q8NC67,NETO2
Q7Z3D4,LYSMD3
O94933,SLITRK3
P55001,MFAP2
P26572,MGAT1
O60676,CST8
P61769,B2M
Q9UHX1,PUF60
Q6UW10,SFTA2
Q9H5K3,POMK
Q6UXF1,TMEM108
O43181,NDUFS4
Q9UNP4,ST3GAL5
Q5VY80,RAET1L
Q99LC4.27,Igh
O14967,CLGN
P15516,HTN3
Q9HDC9,APMAP
Q5JTV8,TOR1AIP1
Q99LC4.28,Igh
P15515,HTN1
Q99LC4.29,Igh
O60568,PLOD3
Q6P4E1,GOLM2
P25189,MPZ
Q9NZ53,PODXL2
P98164,LRP2
P08118,MSMB
Q569H4,PRR16
Q99LC4.30,Igh
P15941,MUC1
Q1W4C9,SPINK13
Q06481,APLP2
Q9BUP3,HTATIP2
Q6UXG2,ELAPOR1
Q9BSI4,TINF2
Q99LC4.31,Igh
Q99LC4.32,Igh
Q96PB7,OLFM3
Q99LC4.33,Igh
Q8N9N2,ASCC1
Q99LC4.34,Igh
Q99LC4.35,Igh
Q99LC4.36,Igh
Q99LC4.37,Igh
Q99LC4.38,Igh
O15503,INSIG1
Q99LC4.39,Igh
Q9UJJ9,GNPTG
Q5T7R7,C1orf185
Q12846,STX4
Q99LC4.40,Igh
P07988,SFTPB
Q9Y320,TMX2
O95168,NDUFB4
Q99LC4.41,Igh
A4D1S0,KLRG2
Q8IUB3,WFDC10B
Q07954,LRP1
Q5DX21,IGSF11
Q99LC4.42,Igh
Q2UY09,COL28A1
Q9H7L9,SUDS3
Q12912,IRAG2
Q8NDV1,ST6GALNAC3
O43555,GNRH2
Q6X784,ZPBP2
A8K4G0,CD300LB
P12821,ACE
Q99LC4.43,Igh
Q16401,PSMD5
P0DMV8,HSPA1A
P43405,SYK
Q99LC4.44,Igh
Q8IZT8,HS3ST5
Q9H3Q3,GAL3ST2
P30740,SERPINB1
Q9Y5E7,PCDHB2
P0DMV8.1,HSPA1A
Q8N8U2,CDYL2
Q9H2U9,ADAM7
Q9HC23,PROK2
Q969E3,UCN3
O60938,KERA
P48058,GRIA4
Q15363,TMED2
A4D1S0.1,KLRG2
Q8IZP9,ADGRG2
Q8N6G5,CSGALNACT2
Q6UXB4,CLEC4G
Q8N7C0,LRRC52
Q99LC4.45,Igh
Q496F6,CD300E
P50454,SERPINH1
P0DMV8.2,HSPA1A
Q12918,KLRB1
P06126,CD1A
Q5JVS0,HABP4
Q9UKJ1,PILRA
Q6UXN7,TOMM20L
P17405,SMPD1
Q99LC4.46,Igh
Q8N0Z9,VSIG10
P0C6S8,LINGO3
O75071,EFCAB14
Q9UBX8,B4GALT6
Q96QV1,HHIP
Q9UNA3,A4GNT
Q9P109,GCNT4
Q6ZMC9,SIGLEC15
Q6UXE8,BTNL3
Q14213,EBI3
O14979,HNRNPDL
Q6IN85,PPP4R3A
Q6PJG6,BRAT1
P0C2L3,FAM163B
Q08554,DSC1
Q6UWU4,C6orf89
Q99LC4.47,Igh
Q96G30,MRAP2
Q6UWM7,LCTL
Q99650,OSMR
Q86T26,TMPRSS11B
Q93045,STMN2
Q53RT3,ASPRV1
Q9UNK0,STX8
Q9P121,NTM
Q8IUC8,GALNT13
O75871,CEACAM4
Q99LC4.48,Igh
Q13018,PLA2R1
O14610,GNGT2
Q8WUJ1,CYB5D2
Q99LC4.49,Igh
Q9BXU9,CALN1
P19256,CD58
Q9H4M7,PLEKHA4
Q86TD4,SRL
Q99LC4.50,Igh
O43752,STX6
Q8IV08,PLD3
P05387,RPLP2
Q6UVW9,CLEC2A
Q8IUN9,CLEC10A
P23434,GCSH
Q9NYM9,BET1L
Q9UL19,PLAAT4
Q99LC4.51,Igh
P58062,SPINK7
Q96DR8,MUCL1
Q8WVF2,UCMA
P01242,GH2
P56975,NRG3
Q5S007,LRRK2
P02818,BGLAP
P05113,IL5
P01876 P01877,P01876 P01877
Q05315,CLC
Q9Y5N5,HEMK2
O00764,PDXK
O00206,TLR4
Q9BYZ8,REG4
P04792,HSPB1
P36222,CHI3L1
P06733,ENO1
Q9P273,TENM3
Q4LDE5,SVEP1
Q4V9L6,TMEM119
Q8TBQ9,TMEM167A
Q6NUJ2,C11orf87
Q8TB22,SPATA20
Q9H0T7,RAB17
Q8WUY8,NAT14
Q9NZD8,SPG21
O75962,TRIO
Q8N3T6,TMEM132C
O95972,BMP15
O00305,CACNB4
Q9UGC7,MTRF1L
Q7Z7F7,MRPL55
P32927.1,CSF2RB
Q13761,RUNX3
Q99LC4.52,Igh
P02452,COL1A1
O95841,ANGPTL1
Q96PB7.1,OLFM3
Q30KQ4,DEFB116
Q6ZVL6,KIAA1549L
Q9Y458,TBX22
Q86YW5,TREML1
Q15399,TLR1
Q9UKR3,KLK13
Q14494,NFE2L1
A8TX70,COL6A5
P0DMV8.3,HSPA1A
Q6ZP65,BICDL1
Q9H9V4,RNF122
Q8N0X7,SPART
Q9NQ60,EQTN
Q5T6X4,FAM162B
Q9NT68,TENM2
Q13613,MTMR1
Q96KG7,MEGF10
P21333,FLNA
Q7Z6M3,MILR1
Q9UPZ6,THSD7A
Q7L5N7,LPCAT2
P13647,KRT5
Q4LDE5.1,SVEP1
Q9BXA7,TSSK1B
Q92922,SMARCC1
P30793,GCH1
Q8NDY8,TMEM52
Q5QGZ9,CLEC12A
Q96TA2,YME1L1
Q9GZM7,TINAGL1
P20823,HNF1A
Q9Y3P8,SIT1
P12111.1,COL6A3
Q96BA8,CREB3L1
Q9Y606,PUS1
Q99593,TBX5
P78310,CXADR
P26010,ITGB7
P21757,MSR1
Q9UK23,NAGPA
Q15813,TBCE
Q8NBS9,TXNDC5
Q9UBS3,DNAJB9
P55291,CDH15
Q13363,CTBP1
P51580,TPMT
Q8TAT2,FGFBP3
Q8TEF2,C10orf105
Q99LC4.53,Igh
Q6P9G4,TMEM154
Q05086,UBE3A
Q9Y4P3,TBL2
Q7Z5B4,RIC3
O75460,ERN1
Q99LC4.54,Igh
Q6P4F2,FDX2
Q15113,PCOLCE
Q8IU80,TMPRSS6
P04424,ASL
P22735,TGM1
Q5T601,ADGRF1
Q8N159,NAGS
P10746,UROS
O75427,LRCH4
O95428,PAPLN
P09417,QDPR
Q13477,MADCAM1
Q8TC36,SUN5
Q9H4I3,TRABD
P31415,CASQ1
P47989,XDH
P00352,ALDH1A1
Q14242,SELPLG
Q8WYQ3,CHCHD10
P0CG30,GSTT2B
Q9NZR2,LRP1B
P18850,ATF6
P13942,COL11A2
Q9UBS5,GABBR1
Q99259,GAD1
Q14451,GRB7
Q96JK2,DCAF5
Q6GTX8,LAIR1
Q9BQE4,SELENOS
P00167,CYB5A
P49902,NT5C2
P48730,CSNK1D
Q99LC4.55,Igh
Q6AZY7,SCARA3
Q6UXK5,LRRN1
Q04721,NOTCH2
Q99523,SORT1
Q92752,TNR
Q9Y3Z3,SAMHD1
Q9H0M0,WWP1
Q8TEY5,CREB3L4
P15918,RAG1
P54278,PMS2
P61457,PCBD1
O15297,PPM1D
P49959,MRE11
Q96EP1,CHFR
A1KZ92,PXDNL
P78543,BTG2
P49760,CLK2
Q9BQ65,USB1
P67870,CSNK2B
P42331,ARHGAP25
O75022,LILRB3
Q9NPI8,FANCF
P51451,BLK
Q6UX71,PLXDC2
P37837,TALDO1
O15460,P4HA2
Q9UNE7.1,STUB1
Q9H9Q4,NHEJ1
Q8WZ42,TTN
Q9NQ66,PLCB1
Q9GZV4,EIF5A2
Q96DF8,ESS2
Q13322,GRB10
P23921,RRM1
P19971,TYMP
P55087,AQP4
Q8IWA4,MFN1
Q6N022,TENM4
P54819,AK2
P11766,ADH5
Q9NRR6,INPP5E
Q96P66,GPR101
P17022,ZNF18
P58012,FOXL2
P40394,ADH7
P43405.1,SYK
Q9BX46,RBM24
P60891,PRPS1
P53004,BLVRA
P08729,KRT7
Q99941,ATF6B
Q14508,WFDC2
P35219,CA8
Q03426,MVK
Q14289,PTK2B
Q9UI46,DNAI1
Q9NTX7,RNF146
Q8NEZ4,KMT2C
Q9H257,CARD9
Q9UKU7,ACAD8
Q9NRY6,PLSCR3
Q9UKA2,FBXL4
Q9H223,EHD4
O60479,DLX3
P16930,FAH
Q96T51,RUFY1
O00151,PDLIM1
P07910,HNRNPC
Q86Y01,DTX1
P46063,RECQL
O60828,PQBP1
Q96GX1,TCTN2
Q16352,INA
P25686,DNAJB2
Q8IUC4,RHPN2
O14543,SOCS3
P06737,PYGL
Q8NFT8,DNER
Q9H1D9,POLR3F
P51570,GALK1
P52907,CAPZA1
O75821,EIF3G
Q96LZ2,MAGEB10
Q14376,GALE
Q15365,PCBP1
P55199,ELL
O43251,RBFOX2
Q01201,RELB
Q8IZ08,GPR135
Q9Y4C8,RBM19
Q9UN37,VPS4A
P30838,ALDH3A1
Q8TDQ0,HAVCR2
Q15697,ZNF174
P11441,UBL4A
Q96FJ2,DYNLL2
O00472,ELL2
O14791,APOL1
P28907,CD38
P13987,CD59
P07148,FABP1
P08397,HMBS
Q9H7M9,VSIR
Q3SXY7,LRIT3
Q5VVJ2,MYSM1
Q9UP52,TFR2
O95822,MLYCD
P56134,ATP5MF
O43524,FOXO3
Q96A57,TMEM230
Q9UHB6,LIMA1
Q92576,PHF3
Q8WWM9,CYGB
O15146,MUSK
P30304,CDC25A
P61371,ISL1
Q9P0W2,HMG20B
Q8N6T3,ARFGAP1
Q9HCE7,SMURF1
Q14934,NFATC4
Q99LC4.56,Igh
P56282,POLE2
Q96C24,SYTL4
P17027,ZNF23
Q14CN4,KRT72
P21506,ZNF10
P68106,FKBP1B
Q9UHQ4,BCAP29
Q07444,KLRC3
P50570,DNM2
Q13247,SRSF6
O60884,DNAJA2
Q8IWI9,MGA
Q86U06,RBM23
O43663,PRC1
Q15717,ELAVL1
Q07325,CXCL9
P51815,ZNF75D
Q14562,DHX8
O75190,DNAJB6
O95696,BRD1
Q9GZQ8,MAP1LC3B
P84090,ERH
Q9UN19,DAPP1
Q00613,HSF1
P20701,ITGAL
P10242,MYB
Q13404,UBE2V1
O95433,AHSA1
O43665,RGS10
P37802,TAGLN2
O43825,B3GALT2
Q8TDB6,DTX3L
P13674,P4HA1
Q7L1S5,CHST9
Q9ULW2,FZD10
Q8IYB5,SMAP1
P48067,SLC6A9
Q8IZ57,NRSN1
Q9UI08,EVL
O14512,SOCS7
Q14677,CLINT1
Q9C000,NLRP1
Q8N6H7,ARFGAP2
P57771,RGS8
Q63HR2,TNS2
Q9H2Y9,SLCO5A1
P55201,BRPF1
Q96L93,KIF16B
Q8IZN3,ZDHHC14
Q9UKL4,GJD2
P52594,AGFG1
Q9H3M7,TXNIP
Q9NZ52,GGA3
Q9UJX3,ANAPC7
Q6S5L8,SHC4
P29373,CRABP2
Q12974,PTP4A2
P31025,LCN1
Q92523,CPT1B
P14859,POU2F1
A6NDA9,LRIT2
O60674,JAK2
Q9UBK2,PPARGC1A
P51449,RORC
Q9Y5U5,TNFRSF18
Q92508,PIEZO1
Q99LC4.57,Igh
Q9Y5G3,PCDHGB1
Q99LC4.58,Igh
Q92988,DLX4
Q9NT99,LRRC4B
Q99LC4.59,Igh
Q99LC4.60,Igh
Q99LC4.61,Igh
Q99LC4.62,Igh
Q6PD74,AAGAB
Q99LC4.63,Igh
Q68E01,INTS3
Q99LC4.64,Igh
Q8IVU1,IGDCC3
Q07960,ARHGAP1
P29762,CRABP1
P29034,S100A2
Q99LC4.65,Igh
Q9HD43,PTPRH
Q8N766,EMC1
Q99LC4.66,Igh
Q07157,TJP1
P09564,CD7
Q99LC4.67,Igh
Q03393,PTS
P22681,CBL
Q9H3S4,TPK1
P07738,BPGM
Q13485,SMAD4
P17661,DES
O43683,BUB1
Q01518,CAP1
P34931,HSPA1L
Q13148,TARDBP
Q15418,RPS6KA1
O00418,EEF2K
P49247,RPIA
P34896,SHMT1
Q63HQ2,EGFLAM
P49588,AARS1
Q16828,DUSP6
Q15057,ACAP2
Q9UM13,ANAPC10
Q9BSQ5,CCM2
Q9NP81,SARS2
P15036,ETS2
Q96B67,ARRDC3
Q96E11,MRRF
P30626,SRI
O95721,SNAP29
P78318,IGBP1
P62070,RRAS2
Q92519,TRIB2
Q9Y265,RUVBL1
P07320,CRYGD
Q8N5G2,MACO1
Q92831,KAT2B
Q13790,APOF
P62995,TRA2B
Q15102,PAFAH1B3
P55273,CDKN2D
O15533,TAPBP
P16152,CBR1
O95786,RIGI
Q9H9Q2,COPS7B
P20807,CAPN3
Q9H4A4,RNPEP
P50479,PDLIM4
Q9Y5N6,ORC6
Q9H5P4,PDZD7
P40616,ARL1
Q6UWD8,C16orf54
Q6PI48,DARS2
Q6NVY1,HIBCH
O43316,PAX4
Q8IVM0,CCDC50
Q9NPD8,UBE2T
Q96FJ0,STAMBPL1
Q96DA2,RAB39B
O95661,DIRAS3
Q9UL26,RAB22A
Q96AH8,RAB7B
P61244,MAX
O60869,EDF1
Q9Y3C4,TPRKB
Q8N335,GPD1L
O15296,ALOX15B
Q9NQ94,A1CF
Q9P016,THYN1
P62330,ARF6
Q9H8S9,MOB1A
P30305,CDC25B
Q5VWZ2,LYPLAL1
Q9H074,PAIP1
Q9BRX2,PELO
Q9HB71,CACYBP
Q969Q4,ARL11
P53990,IST1
P78417,GSTO1
Q6PHR2,ULK3
P29372,MPG
Q00978,IRF9
O00212,RHOD
O00482,NR5A2
Q96NW4,ANKRD27
O43447,PPIH
Q15126,PMVK
O14867,BACH1
Q86Y97,KMT5C
Q9UBU9,NXF1
Q9BV86,NTMT1
Q9NPC7,MYNN
Q16875,PFKFB3
Q9BV57,ADI1
Q99653,CHP1
Q9HB21,PLEKHA1
O14818,PSMA7
Q9NXA8,SIRT5
Q53H47,SETMAR
Q9P2N7,KLHL13
P09651,HNRNPA1
Q15691,MAPRE1
O95793,STAU1
Q9NXV2,KCTD5
Q9NZA1,CLIC5
Q9NQ88,TIGAR
Q15631,TSN
P62888,RPL30
P31321,PRKAR1B
Q96G74,OTUD5
Q12830,BPTF
Q92753,RORB
P48739,PITPNB
Q9NS18,GLRX2
Q9ULC4,MCTS1
Q9UHA4,LAMTOR3
Q96DC9,OTUB2
P60520,GABARAPL2
Q9BRJ7,NUDT16L1
O14907,TAX1BP3
Q99962,SH3GL2
Q9UBT2,UBA2
O75347,TBCA
Q15743,GPR68
P29536,LMOD1
Q96DU7,ITPKC
Q9Y3E7,CHMP3
Q8N668,COMMD1
Q9ULZ2,STAP1
Q96JW4,SLC41A2
Q9NZD2,GLTP
Q9UBP6,METTL1
Q9BZX2,UCK2
Q15561,TEAD4
O14737,PDCD5
Q86U86,PBRM1
P42773,CDKN2C
P54727,RAD23B
Q96F10,SAT2
P10827,THRA
Q96S55,WRNIP1
O75344,FKBP6
P61024,CKS1B
B6SEH8,ERVV-1
P49427,CDC34
Q99418,CYTH2
Q13137,CALCOCO2
P18887,XRCC1
Q9Y217,MTMR6
Q00577,PURA
P49802,RGS7
P84095,RHOG
Q96MR9,ZNF560
P53814,SMTN
Q9HB90,RRAGC
O60760,HPGDS
Q96J02,ITCH
Q99986,VRK1
O75771,RAD51D
O00762,UBE2C
P51513,NOVA1
Q8TF42,UBASH3B
Q8TCD5,NT5C
Q16512,PKN1
O95379,TNFAIP8
Q9Y221,NIP7
Q14145,KEAP1
P48643,CCT5
P36405,ARL3
O43281,EFS
O75382,TRIM3
P20800,EDN2
P11586,MTHFD1
P43357,MAGEA3
P39748,FEN1
P61204,ARF3
P28074,PSMB5
O14732,IMPA2
P10398,ARAF
P07992,ERCC1
P36404,ARL2
Q99LC4.68,Igh
O60890,OPHN1
Q9NUG6,PDRG1
P28676,GCA
P28289,TMOD1
Q9H1Y0,ATG5
Q86UX7,FERMT3
Q13310,PABPC4
Q96GD3,SCMH1
Q9NQT5,EXOSC3
P20618,PSMB1
Q9UHY1,NRBP1
Q9Y6E0,STK24
Q04828,AKR1C1
P35813,PPM1A
Q9NVA2,SEPTIN11
P30153,PPP2R1A
Q9NR48,ASH1L
Q92833,JARID2
Q8IXQ5,KLHL7
Q9BQF6,SENP7
O95352,ATG7
Q9NS86,LANCL2
P53365,ARFIP2
P18440,NAT1
P43378,PTPN9
O75815,BCAR3
O14717,TRDMT1
Q9NRG4,SMYD2
P43155,CRAT
P32019,INPP5B
P49407,ARRB1
P30520,ADSS2
Q96AT9,RPE
Q9BYW2,SETD2
P08754,GNAI3
Q15119,PDK2
O43865,AHCYL1
P78368,CSNK1G2
Q9H115,NAPB
Q07866,KLC1
Q13630,GFUS
Q9H999,PANK3
Q9NTK5,OLA1
Q9H0R8,GABARAPL1
Q13011,ECH1
Q16762,TST
Q12923,PTPN13
Q12905,ILF2
Q9Y2T3,GDA
O75351,VPS4B
Q76N89,HECW1
O60671,RAD1
O43704,SULT1B1
P14868,DARS1
Q9BY11,PACSIN1
Q13045,FLII
P09012,SNRPA
Q9UK80,USP21
Q6YP21,KYAT3
Q9BPU6,DPYSL5
Q9Y6U3,SCIN
Q9NSB8,HOMER2
P25325,MPST
Q16698,DECR1
Q9UK32,RPS6KA6
O15143,ARPC1B
Q9P0V9,SEPTIN10
P34897,SHMT2
Q8TEK3,DOT1L
O75368,SH3BGRL
Q9UNQ2,DIMT1
Q53G59,KLHL12
O60678,PRMT3
P48426,PIP4K2A
O00629,KPNA4
P50990,CCT8
P53396,ACLY
O60739,EIF1B
Q9HAT8,PELI2
Q8TDX7,NEK7
Q8N5H7,SH2D3C
Q15751,HERC1
Q5VT25,CDC42BPA
Q14195,DPYSL3
Q969R5,L3MBTL2
Q92522,H1-10
P48165,GJA8
Q9NP66,HMG20A
P49795,RGS19
O75843,AP1G2
Q8IZD4,DCP1B
Q9Y473,ZNF175
O15405,TOX3
Q9Y237,PIN4
Q9NRR5,UBQLN4
Q86VP1,TAX1BP1
Q14011,CIRBP
O00287,RFXAP
Q9P2B2,PTGFRN
Q9BT73,PSMG3
O14777,NDC80
Q6IQ23,PLEKHA7
Q5T2T1,MPP7
Q14807,KIF22
O75534,CSDE1
Q14651,PLS1
Q9Y2I1,NISCH
Q99581,FEV
A6NDV4,TMEM8B
Q9UL15,BAG5
Q9UIA0,CYTH4
P98179,RBM3
Q58F21,BRDT
P05107,ITGB2
Q9UKY1,ZHX1
Q92870,APBB2
Q9Y534,CSDC2
Q9BYV9,BACH2
O43424,GRID2
Q12906,ILF3
Q6NX45,ZNF774
Q92870.1,APBB2
Q9HCZ1,ZNF334
Q92556,ELMO1
Q7Z601,GPR142
Q86XI6,PPP1R3B
Q9UJW8,ZNF180
P52948,NUP98
O60741,HCN1
O15347,HMGB3
Q15637,SF1
Q9UKN5,PRDM4
Q15633,TARBP2
P52272,HNRNPM
O95704,APBB3
Q86T24,ZBTB33
Q9NPB8,GPCPD1
P52741,ZNF134
Q96ES7,SGF29
Q96ER9,CCDC51
Q96J94,PIWIL1
Q96MN2,NLRP4
Q969W8,ZNF566
O95989,NUDT3
Q2Y0W8,SLC4A8
Q9NZQ0,DNAJC27
P59282,TPPP2
P14316,IRF2
Q86UD4,ZNF329
Q9UKD1,GMEB2
Q7Z6I6,ARHGAP30
Q9Y2V2,CARHSP1
Q09FC8,ZNF415
P14621,ACYP2
Q8NDI1,EHBP1
Q96LT9,RNPC3
P41252,IARS1
P55040,GEM
Q15849,SLC14A2
Q13588,GRAP
Q86W26,NLRP10
O00213,APBB1
Q9UKG1,APPL1
Q92911,SLC5A5
P49796,RGS3
O00422,SAP18
Q96BS2,TESC
Q9UBL3,ASH2L
Q9H3M0,KCNF1
Q8WXC3,PYDC1
Q9H1R2,DUSP15
O60499,STX10
Q86VK4,ZNF410
O95429,BAG4
Q15036,SNX17
Q9UKA1,FBXL5
O60942,RNGTT
Q92974,ARHGEF2
Q9P0R6,GSKIP
Q9NP87,POLM
Q9NZR1,TMOD2
Q99594,TEAD3
Q9NQ75,CASS4
Q96Q45,TMEM237
O75521,ECI2
Q9UBL0,ARPP21
Q9NYL9,TMOD3
Q14511,NEDD9
Q0D2K0,NIPAL4
P51808,DYNLT3
P26196,DDX6
Q12792,TWF1
Q16280,CNGA2
P16150,SPN
Q8WUN7,UBTD2
Q9Y4P9,SPEF1
Q9BXB4,OSBPL11
P28749,RBL1
Q7L0J3,SV2A
O75452,RDH16
Q9NR21,PARP11
Q14995,NR1D2
O75446,SAP30
Q8IY33,MICALL2
Q8IYJ3,SYTL1
Q16666,IFI16
Q6ZW49,PAXIP1
Q9Y6T7,DGKB
Q99LC4.69,Igh
Q99LC4.70,Igh
O60494,CUBN
Q99LC4.71,Igh
Q99LC4.72,Igh
Q99LC4.73,Igh
Q99LC4.74,Igh
Q04695,KRT17
Q9Y2T1,AXIN2
P08235,NR3C2
Q8TC92,ENOX1
Q9UII4,HERC5
P12271,RLBP1
O15160,POLR1C
P43353,ALDH3B1
Q99LC4.75,Igh
Q9NP72,RAB18
Q07869,PPARA
Q96EK5,KIFBP
P14927,UQCRB
Q99LC4.76,Igh
P35557,GCK
Q5VW38,GPR107
Q16527,CSRP2
Q9NUL3,STAU2
P35900,KRT20
O60504,SORBS3
Q9NW64,RBM22
Q9NUP9,LIN7C
Q16629,SRSF7
Q01844,EWSR1
Q99759,MAP3K3
Q8IWT3,CUL9
Q8TAT6,NPLOC4
Q6JVE6,LCN10
P46783,RPS10
O60260,PRKN
Q99LC4.77,Igh
O14683,TP53I11
Q99LC4.78,Igh
Q8WU20,FRS2
O95931,CBX7
Q99LC4.79,Igh
Q14457,BECN1
Q12972,PPP1R8
Q9BUZ4,TRAF4
Q16322,KCNA10
Q6PL18,ATAD2
Q99816,TSG101
Q9UN76,SLC6A14
A5PKW4,PSD
Q9GZN6,SLC6A16
Q969G6,RFK
O60234,GMFG
Q6P2E9,EDC4
Q13976,PRKG1
O14618,CCS
P39687,ANP32A
P51114,FXR1
P41208,CETN2
Q9H3U1,UNC45A
P26640,VARS1
P43220,GLP1R
P35070,BTC
Q16665,HIF1A
P06703,S100A6
Q8WVN6,SECTM1
Q9BXY4,RSPO3
P05451,REG1A
Q92843,BCL2L2
O43915,VEGFD
Q9BQB4,SOST
Q96BQ1,FAM3D
P0DML2 P0DML3,P0DML2 P0DML3
P98172,EFNB1
P60880,SNAP25
O95274,LYPD3
Q7Z3B1,NEGR1
P41182,BCL6
Q12841,FSTL1
P10451,SPP1
P51884,LUM
Q8N6Q3,CD177
Q9H4F8,SMOC1
Q9UK55,SERPINA10
O43155,FLRT2
Q9NZU0,FLRT3
Q6UXK2,ISLR2
P04004,VTN
Q02487,DSC2
P01130,LDLR
P52789,HK2
P19367,HK1
Q13591,SEMA5A
Q8N2S1,LTBP4
Q00987,MDM2
O15151,MDM4
P01859,IGHG2
P01861,IGHG4
P56704,WNT3A
Q9Y566,SHANK1
Q9BYB0,SHANK3
P41221,WNT5A
Q30KQ7,DEFB113
O43761,SYNGR3
Q8N8Q1,CYB561D1
A6NC05,C5orf63
P15291,B4GALT1
P07954,FH
Q969K3,RNF34
Q9NZC4,EHF
P29120,PCSK1
Q99LC4.80,Igh
P05026,ATP1B1
Q9BUN8,DERL1
O15263,DEFB4B
Q8IUW5,RELL1
P41161,ETV5
P20155,SPINK2
Q99LC4.81,Igh
Q9H4P4,RNF41
Q9BQY6,WFDC6
Q14C87,TMEM132D
Q9NRX6,TMEM167B
Q16206,ENOX2
Q9BRX8,PRXL2A
Q99LC4.82,Igh
Q9NR34,MAN1C1
Q9H1F0,WFDC10A
Q13336,SLC14A1
Q6UWV7,SHISAL2A
Q9NVD7,PARVA
Q6UXL0,IL20RB
P56270,MAZ
Q9H2X0,CHRD
P0C7M6,IQCF3
Q155Q3,DIXDC1
Q5BIV9,SPRN
Q15427,SF3B4
P40818,USP8
Q9H6D8,FNDC4
P0DJ93,SMIM13
O75394,MRPL33
Q99LC4.83,Igh
Q9UKW6,ELF5
Q9NXH8,TOR4A
O15335,CHAD
Q92626,PXDN
Q8N912,NRAC
P53805,RCAN1
Q96JN8,NEURL4
Q03431,PTH1R
Q9H0R4,HDHD2
P23677,ITPKA
Q9Y2Q3,GSTK1
Q9Y2X8,UBE2D4
O60870,KIN
Q15722,LTB4R
A8MVW0,FAM171A2
Q15560,TCEA2
A5YKK6,CNOT1
P02452.1,COL1A1
Q96K49,TMEM87B
Q13563,PKD2
Q9H1C4,UNC93B1
P53367,ARFIP1
Q9NZW5,PALS2
O43924,PDE6D
P38646,HSPA9
Q9ULK0,GRID1
Q8N5B7,CERS5
Q8TDS4,HCAR2
Q01581,HMGCS1
O75822,EIF3J
Q9UGB7,MIOX
P00451,F8
Q99LC4.84,Igh
Q8TBE7,SLC35G2
Q86WA9,SLC26A11
O75915,ARL6IP5
Q9NX74,DUS2
Q15628,TRADD
Q8TAC9,SCAMP5
Q93084,ATP2A3
Q01826,SATB1
O43390,HNRNPR
Q9Y6X2,PIAS3
Q15286,RAB35
Q96P16,RPRD1A
Q5J8M3,EMC4
Q3KNS1,PTCHD3
O43150,ASAP2
Q86VW2,ARHGEF25
P62760,VSNL1
Q96MM7,HS6ST2
Q8TDN1,KCNG4
P05455,SSB
Q9ULW6,NAP1L2
Q9UKP6,UTS2R
Q8N9A8,CNEP1R1
P54296,MYOM2
Q9Y5P4,CERT1
Q9UNA4,POLI
Q92952,KCNN1
Q8NDV2,GPR26
Q8N699,MYCT1
Q92619,ARHGAP45
Q8N9N8,EIF1AD
P34969,HTR7
Q5VZY2,PLPP4
Q9UKF5,ADAM29
Q9UH65,SWAP70
Q8IWE4,DCUN1D3
Q9BWE0,REPIN1
P28223,HTR2A
Q9NQS3,NECTIN3
P50406,HTR6
Q8N6N7,ACBD7
Q08999,RBL2
Q9NP77,SSU72
Q16555,DPYSL2
P55036,PSMD4
Q00341,HDLBP
O00231,PSMD11
O15145,ARPC3
Q92730,RND1
O14641,DVL2
P26368,U2AF2
O94929,ABLIM3
Q16222,UAP1
O14727,APAF1
Q9H0H5,RACGAP1
O76027,ANXA9
O95704.1,APBB3
Q9Y3B8,REXO2
P49642,PRIM1
Q9UJY5,GGA1
Q9BU02,THTPA
O00194,RAB27B
Q13636,RAB31
Q7Z6M1,RABEPK
P55769,SNU13
Q8TAC1,RFESD
O76050,NEURL1
Q9UJ72,ANXA10
P78347,GTF2I
P43363,MAGEA10
O60759,CYTIP
Q9Y6K8,AK5
Q92793,CREBBP
O43639,NCK2
Q9Y6D9,MAD1L1
O43681,GET3
O94973,AP2A2
Q15172,PPP2R5A
O14686,KMT2D
O95544,NADK
P05455.1,SSB
Q14449,GRB14
Q9Y4P1,ATG4B
Q15291,RBBP5
Q15942,ZYX
O00625,PIR
P55209,NAP1L1
O60763,USO1
O14879,IFIT3
O14964,HGS
Q92620,DHX38
Q9NZI2,KCNIP1
Q96JP5,ZFP91
O75674,TOM1L1
Q9BQ69,MACROD1
O75116,ROCK2
P19338,NCL
Q96T60,PNKP
Q9NRA1,PDGFC
Q9HD20,ATP13A1
Q06190,PPP2R3A
Q9NS85,CA10
P22607,FGFR3
P08246,ELANE
P17066,HSPA6
Q99832,CCT7
P09529,INHBB
Q15742,NAB2
P19784,CSNK2A2
P07333,CSF1R
P51801,CLCNKB
Q01344,IL5RA
Q8WWF8,CAPSL
P11926,ODC1
Q8N695,SLC5A8
O95388,CCN4
Q9HC73,CRLF2
P21695,GPD1
Q8IZA0,KIAA0319L
P07355,ANXA2
P54868,HMGCS2
Q00610,CLTC
Q96IW7,SEC22A
Q15485,FCN2
O96013,PAK4
P24158,PRTN3
O95750,FGF19
P33681,CD80
O43791,SPOP
P30040,ERP29
Q8TD22,SFXN5
P29460,IL12B
P47736,RAP1GAP
P08476,INHBA
Q92765,FRZB
Q13620,CUL4B
P26951,IL3RA
Q13563.1,PKD2
P80075,CCL8
Q9H9A7,RMI1
Q9UKG9,CROT
Q9HC16,APOBEC3G
O00233,PSMD9
Q14155,ARHGEF7
Q13506,NAB1
O15068,MCF2L
P07205,PGK2
Q86VP6,CAND1
Q16851,UGP2
Q16666.1,IFI16
O95363,FARS2
Q96BD6,SPSB1
Q9C005,DPY30
P0DMM9,SULT1A3
Q9BUQ8,DDX23
Q9BQG2,NUDT12
O75899,GABBR2
Q9Y5P4.1,CERT1
Q96EK6,GNPNAT1
P53355,DAPK1
Q8TBY0,RBM46
P28838,LAP3
Q96P47,AGAP3
Q9Y496,KIF3A
Q9H0E2,TOLLIP
Q5VTT5,MYOM3
Q16881,TXNRD1
O60684,KPNA6
Q9BPX1,HSD17B14
Q8NG68,TTL
Q13136,PPFIA1
Q92888,ARHGEF1
Q99728,BARD1
O15119,TBX3
Q8TE54,SLC26A7
Q9NS28,RGS18
Q08257,CRYZ
Q9UHL0,DDX25
Q9HAU4,SMURF2
O43813,LANCL1
Q9HBL8,NMRAL1
P11498,PC
O43432,EIF4G3
P46459,NSF
Q9H4G0,EPB41L1
P22087,FBL
Q96CD2,PPCDC
Q8N142,ADSS1
Q9BZ29,DOCK9
Q9P2D1,CHD7
Q14749,GNMT
O43252,PAPSS1
Q9NPI6,DCP1A
P21580,TNFAIP3
P31949,S100A11
Q96C10,DHX58
Q92844,TANK
Q92817,EVPL
Q9NPJ6,MED4
Q92838,EDA
Q07011,TNFRSF9
Q96PD4,IL17F
O00443,PIK3C2A
P61201,COPS2
P09758,TACSTD2
Q13009,TIAM1
O75970,MPDZ
Q9H6Z4,RANBP3
Q9Y337,KLK5
Q15075,EEA1
Q15596,NCOA2
P23560,BDNF
Q9NPH3,IL1RAP
Q99958,FOXC2
Q9UPW8,UNC13A
Q13261,IL15RA
P01215,CGA
Q15080,NCF4
O14788,TNFSF11
P13725,OSM
P06127,CD5
Q86UL8,MAGI2
Q99959,PKP2
P22748,CA4
Q15811,ITSN1
P98077,SHC2
P01036,CST4
Q13478,IL18R1
Q9Y4G6,TLN2
P49903,SEPHS1
Q99LC4.85,Igh
P24592,IGFBP6
Q9H4E7,DEF6
O75828,CBR3
P49771,FLT3LG
Q99075,HBEGF
P26718,KLRK1
P49589,CARS1
P25789,PSMA4
P02747,C1QC
P26992,CNTFR
P52306,RAP1GDS1
P49914,MTHFS
P35442,THBS2
Q969Z4,RELT
Q8IYJ0,PIANP
P35318,ADM
P26447,S100A4
Q68DV7,RNF43
Q9UBN6,TNFRSF10D
Q9ULT6.1,ZNRF3
Q9H7M9.1,VSIR
O43921,EFNA2
P01574,IFNB1
P01566,IFNA10
P01567,IFNA7
P52799,EFNB2
Q9UM44,HHLA2
P27930,IL1R2
Q86SJ2,AMIGO2
Q9HBX9,RXFP1
Q9NPY3,CD93
Q8WWG1,NRG4
Q16778,H2BC21
Q7L7L0,H2AC25
P68431,H3C8
Q9NZH7,IL36B
Q9UHA7,IL36A
P05161,ISG15
P52797,EFNA3
P31946,YWHAB
P62258,YWHAE
P08758,ANXA5
Q9UJQ7,SCP2D1
Q16667,CDKN3
Q8WZ73,RFFL
Q8N4E4,PDCL2
O75626,PRDM1
P20073,ANXA7
Q9P0K8,FOXJ2
Q96MH2,HEXIM2
O00213.1,APBB1
Q96R05,RBP7
Q7L014,DDX46
Q9H2M3,BHMT2
P14649,MYL6B
Q99LC4.86,Igh
O95396,MOCS3
P0DMV8.4,HSPA1A
Q9UNH6,SNX7
O60496,DOK2
Q9UJV3,MID2
Q13867,BLMH
P29074,PTPN4
Q99LC4.87,Igh
Q7Z628,NET1
Q9BYN0,SRXN1
Q9NRW1,RAB6B
P48147,PREP
P61106,RAB14
Q9P2K8,EIF2AK4
O95644,NFATC1
P51148,RAB5C
Q99490,AGAP2
Q9UIS9,MBD1
Q99LC4.88,Igh
P31943,HNRNPH1
Q13356,PPIL2
Q9UBQ0,VPS29
Q9UQE7,SMC3
P51965,UBE2E1
Q9BTC0,DIDO1
P63172,DYNLT1
P11233,RALA
P35243,RCVRN
O43617,TRAPPC3
Q0P6D2,DIPK1C
O14793,MSTN
O95390,GDF11
Q96ND0,FAM210A
Q9H3T2,SEMA6C
Q9NY15,STAB1
J3QR46,KIAA0040
Q99LC4.89,Igh
Q5T1S8,NCMAP
Q9BYR9,KRTAP2-4
Q96SR6,ZNF382
Q99LC4.90,Igh
Q96AW1,VOPP1
Q8TF50,ZNF526
P55854,SUMO3
P49711,CTCF
Q9UK99,FBXO3
Q9BY84,DUSP16
Q8NFB2,TMEM185A
P22888,LHCGR
Q99LC4.91,Igh
P52758,RIDA
O15217,GSTA4
Q9NVM6,DNAJC17
P28698,MZF1
O76064,RNF8
P12757,SKIL
Q9UKS6,PACSIN3
P23588,EIF4B
P17655,CAPN2
P31751,AKT2
O60664,PLIN3
P35236,PTPN7
P55735,SEC13
Q8N554,ZNF276
O43915.1,VEGFD
P07360,C8G
Q15828,CST6
P20160,AZU1
O75462,CRLF1
Q13017,ARHGAP5
P01344,IGF2
P33764,S100A3
Q8TDF5,NETO1
Q14696,MESD
Q9H6E4,CCDC134
P26436.1,ACRV1
P33763,S100A5
Q06141,REG3A
O76038,SCGN
P01591,JCHAIN
Q2TAL6,VWC2
O43663.1,PRC1
Q9UL18,AGO1
Q13257,MAD2L1
Q9Y696,CLIC4
Q9NTM9,CUTC
Q9NX01,TXNL4B
P60903,S100A10
P78396,CCNA1
Q6PUV4,CPLX2
P78560,CRADD
Q9H9G7,AGO3
P02792,FTL
P17677,GAP43
P32455,GBP1
Q9Y2Q5,LAMTOR2
Q09028,RBBP4
Q99470,SDF2
Q8WWX9,SELENOM
Q9Y281,CFL2
P01042,KNG1
P01579,IFNG
P02790,HPX
P05408,SCG5
Q15327,ANKRD1
Q6Q788,APOA5
P02654,APOC1
O60242,ADGRB3
Q8TDL5,BPIFB1
Q8N8U9,BMPER
Q9Y3E2,BOLA1
P25440.1,BRD2
Q9NS71,GKN1
P15086,CPB1
P14091,CTSE
Q16832,DDR2
P14138,EDN3
Q9UEF7,KL
P12104,FABP2
P15090,FABP4
O60462,NRP2
P08637,FCGR3A
Q16595,FXN
P22466,GAL
Q14393,GAS6
Q8IZJ1,UNC5B
P09488,GSTM1
P55789,GFER
P41134,ID1
Q02363,ID2
P01568,IFNA21
P05014,IFNA4
Q96CA5,BIRC7
P04180,LCAT
P00338,LDHA
Q86SG7,LYG2
P36952,SERPINB5
P53779,MAPK10
O60882,MMP20
P02689,PMP2
Q99519,NEU1
P58215,LOXL3
Q9UBM4,OPTC
P00480,OTC
Q9NRC9,OTOR
P12931,SRC
Q13519,PNOC
P00491,PNP
O60894,RAMP1
O60896,RAMP3
P61587,RND3
P16519,PCSK2
P17900,GM2A
P48594,SERPINB4
Q02297,NRG1
Q00796,SORD
Q13501,SQSTM1
Q96H15,TIMD4
P21589,NT5E
P02760,AMBP
Q13444,ADAM15
P15144,ANPEP
P27487,DPP4
P01732,CD8A
Q8N129,CNPY4
P20849,COL9A1
Q96CG8,CTHRC1
Q03591,CFHR1
P07686,HEXB
P54317,PNLIPRP2
Q86VZ4,LRP11
Q13526,PIN1
P55058,PLTP
Q6UW15,REG3G
O95498,VNN2
P49913,CAMP
A8K2U0,A2ML1
O00468,AGRN
P19801,AOC1
P23141,CES1
Q9HCU0,CD248
Q9NZV1,CRIM1
Q14512,FGFBP1
P41439,FOLR3
O14792,HS3ST1
O75882,ATRN
O00292,LEFTY2
O00292.1,LEFTY2
Q96CA5.1,BIRC7
Q9Y561,LRP12
P54802,NAGLU
O95502,NPTXR
Q16651,PRSS8
P06276,BCHE
P0DJI8,SAA1
P35542,SAA4
O94985,CLSTN1
Q9H4G4,GLIPR2
P13716,ALAD
P15259,PGAM2
P00326,ADH1C
P48637,GSS
P09622,DLD
P21291,CSRP1
P54760,EPHB4
P21757.1,MSR1
P40926,MDH2
Q9BQR3,PRSS27
Q96PX8,SLITRK1
P08670,VIM
P12532,CKMT1B
Q9P0G3,KLK14
P63098,PPP3R1
O43175,PHGDH
P22303,ACHE
P19961,AMY2B
Q07075,ENPEP
P58335,ANTXR2
P20062,TCN2
P08236,GUSB
Q8WXI7,MUC16
P51911,CNN1
P20963,CD247
P02458,COL2A1
P20023,CR2
O14594,NCAN
P20248,CCNA2
P12724,RNASE3
Q6UWR7,ENPP6
Q15375,EPHA7
Q8TC84,FANK1
O00602,FCN1
Q6BAA4,FCRLB
P36980,CFHR2
Q9UBX5,FBLN5
P14207,FOLR2
P06280,GLA
P02774,GC
P07203,GPX1
Q92743,HTRA1
O94992,HEXIM1
P08887,IL6R
P17301,ITGA2
P45984,MAPK9
P08727,KRT19
P30613,PKLR
P23443,RPS6KB1
P28838.1,LAP3
Q9HAP6,LIN7B
P16233,PNLIP
Q8N149,LILRA2
O75022.1,LILRB3
Q9UBD3,XCL2
Q16653,MOG
Q8N2Q7,NLGN1
Q14982,OPCML
Q15116,PDCD1
P98160,HSPG2
P31749,AKT1
P11464,PSG1
P02753,RBP4
O75093,SLIT1
Q9H3U7,SMOC2
Q8WY21,SORCS1
Q9UPU3,SORCS3
Q01995,TAGLN
Q8IYR6,TMEFF1
P43251,BTD
Q03692,COL10A1
P12643,BMP2
P12644,BMP4
P34820,BMP8B
P15056,BRAF
Q7Z5L3,C1QL2
P11912,CD79A
P17676,CEBPB
Q9UBU2,DKK2
P55103,INHBC
P49257,LMAN1
Q96S42,NODAL
P06401,PGR
P40222,TXLNA
P24298,GPT
P55286,CDH8
P35916,FLT4
P29353,SHC1
P78380,OLR1
Q9BXR6,CFHR5
P11717,IGF2R
Q14112,NID2
Q9Y5W5,WIF1
O75791,GRAP2
P42680,TEC
O60218,AKR1B10
P54764,EPHA4
P09681,GIP
P01286,GHRH
O75473,LGR5
Q8WZ75,ROBO4
Q9UNK4,PLA2G2D
Q495A1,TIGIT
Q9NZC2,TREM2
Q96DR5,BPIFA2
Q9BXB1,LGR4
P55287,CDH11
Q6UXZ4,UNC5D
Q7Z6A9,BTLA
Q9UK85,DKKL1
P55285,CDH6
P17948,FLT1
P32926,DSG3
P37023,ACVRL1
Q9NPF0,CD320
Q8WU39,MZB1
Q9Y4C0,NRXN3
Q15399.1,TLR1
P42212,GFP
P17096,HMGA1
P51692,STAT5B
Q99972,MYOC
P04217,A1BG
P50583,NUDT2
Q9C0J1,B3GNT4
P05814,CSN2
P11021,HSPA5
Q9BZP6,CHIA
Q13158,FADD
Q9NVQ4,FAIM
O76003,GLRX3
Q86SX6,GLRX5
Q9HCN4,GPN1
P0C862,C1QTNF9
P15121,AKR1B1
P06396,GSN
Q6UWL6,KIRREL2
Q7Z4F1,LRP10
O75056,SDC3
Q12864,CDH17
Q2MKA7,RSPO1
P13929,ENO3
P31944,CASP14
Q07108,CD69
O60449,LY75
Q8NCW5,NAXE
P09529.1,INHBB
P12645,BMP3
P55107,GDF10
P16860,NPPB
P12110,COL6A2
O14936,CASK
Q9NR23,GDF3
Q7Z4P5,GDF7
P51858,HDGF
Q9NPH9,IL26
O14960,LECT2
P02775,PPBP
P14923,JUP
P60763,RAC3
P48304,REG1B
Q8IX30,SCUBE3
P0DMV8.5,HSPA1A
Q8NFI3,ENGASE
Q01523,DEFA5
O15389,SIGLEC5
Q9NX40,OCIAD1
P22676,CALB2
O76074,PDE5A
P45378,TNNT3
O00746,NME4
P31150,GDI1
Q13642,FHL1
Q9H5V8,CDCP1
O95236,APOL3
P54252,ATXN3
P12109,COL6A1
Q99704,DOK1
Q02985,CFHR3
O15519,CFLAR
O95297,MPZL1
P20337,RAB3B
O15539,RGS5
O43819,SCO2
Q5T2W1,PDZK1
Q9NWW6,NMRK1
Q9Y4Z0,LSM4
Q15555,MAPRE2
P61019,RAB2A
Q96D15,RCN3
Q9Y371,SH3GLB1
Q8TBE9,NANP
Q92804,TAF15
Q00536,CDK16
O43708,GSTZ1
Q96A72,MAGOHB
Q9Y3D2,MSRB2
Q9NRX4,PHPT1
P20338,RAB4A
Q9UPY8,MAPRE3
Q9Y3E5,PTRH2
Q8N6G6,ADAMTSL1
Q13822,ENPP2
Q96SU4,OSBPL9
Q8NFP4,MDGA1
P11279,LAMP1
Q8N3J6,CADM2
P23515,OMG
O00584,RNASET2
P08571,CD14
Q9H3S1,SEMA4A
Q9H5Y7,SLITRK6
O15455,TLR3
P07108,DBI
Q9ULL4,PLXNB3
P35080,PFN2
P05186,ALPL
"P00488, P05160",F13A1
P49888,SULT1E1
P68871,HBB
P08263,GSTA1
Q9GZP0,PDGFD
"P05109, P06702",S100A8
P30043,BLVRB
P61604,HSPE1
Q14653,IRF3
P43632,KIR2DS4
P43628,KIR2DL3
Q15185,PTGES3
Q9UK41,VPS28
O15075,DCLK1
P62253,UBE2G1
P39656,DDOST
P12429,ANXA3
P09525,ANXA4
P02775.1,PPBP
P55075,FGF8
P10092,CALCB
P02808,STATH
P52564,MAP2K6
O75475,PSIP1
Q99933,BAG1
Q16740,CLPP
Q9NWT6,HIF1AN
P43626,KIR2DL1
Q53EL6,PDCD4
P11086,PNMT
P20339,RAB5A
O00204,SULT2B1
P56279,TCL1A
P20774,OGN
P13796,LCP1
Q8IZQ5,SELENOH
Q9NRN7,AASDHPPT
Q16774,GUK1
Q9BVJ7,DUSP23
Q9BT09,CNPY3
Q9BUT1,BDH2
Q96MU8,KREMEN1
Q9NX46,ADPRS
P11310,ACADM
P63027,VAMP2
Q70SY1,CREB3L2
P25490,YY1
Q9BWD1,ACAT2
Q8TD06,AGR3
O15079,SNPH
Q9UBI4,STOML1
Q8N4Q0,PTGR3
Q8NFU4,FDCSP
Q96BJ3,AIDA
P57105,SYNJ2BP
Q9UQN3,CHMP2B
Q9H2B2,SYT4
Q8WWZ1,IL1F10
Q9HD40,SEPSECS
P40337,VHL
P08579,SNRPB2
Q16773,KYAT1
Q96GG9,DCUN1D1
P16949,STMN1
Q9NUJ1,ABHD10
Q13541,EIF4EBP1
P42330,AKR1C3
P61086,UBE2K
Q9NSY2,STARD5
P08237,PFKM
Q15653,NFKBIB
Q96I25,RBM17
P16219,ACADS
P07327,ADH1A
Q8NBQ5,HSD17B11
P09601,HMOX1
O14734,ACOT8
P45954,ACADSB
Q96KC2,ARL5B
Q9Y5K5,UCHL5
Q92871,PMM1
O15182,CETN3
Q92890,UFD1
Q9UGI8,TES
Q9NZ94,NLGN3
P27144,AK4
P13804,ETFA
P78368.1,CSNK1G2
P09923,ALPI
Q6FHJ7,SFRP4
P21926,CD9
P12081,HARS1
O43521,BCL2L11
P00450,CP
Q8IUX8,EGFL6
P15328,FOLR1
Q8NBJ4,GOLM1
P20591,MX1
P10914,IRF1
Q96CM8,ACSF2
Q9BPW9,DHRS9
Q9UMX1,SUFU
O95619,YEATS4
Q96KB5,PBK
Q9H299,SH3BGRL3
Q9NTG7,SIRT3
Q9UQQ1,NAALADL1
P32754,HPD
P37108,SRP14
P78346,RPP30
Q13287,NMI
P50995,ANXA11
Q9UL25,RAB21
P48723,HSPA13
P20336,RAB3A
Q9UNL4,ING4
P27352,CBLIF
Q9Y2D0,CA5B
Q9NPJ3,ACOT13
Q15642,TRIP10
O95971,CD160
P54762,EPHB1
P15529,CD46
Q9P000,COMMD9
P06727,APOA4
Q99426,TBCB
O14773,TPP1
O00478,BTN3A3
Q14141,SEPTIN6
Q9UL46,PSME2
Q86XR7,TICAM2
Q8WZ82,OVCA2
Q969T9,WBP2
Q9UNS1,TIMELESS
P22309,UGT1A1
O75496,GMNN
Q92598,HSPH1
Q13522,PPP1R1A
Q16890,TPD52L1
P23763,VAMP1
Q13907,IDI1
O60861,GAS7
Q02790,FKBP4
Q9NZC7,WWOX
Q9Y6N9,USH1C
Q9NR31,SAR1A
O95997,PTTG1
O43633,CHMP2A
Q16763,UBE2S
O43768,ENSA
O95166,GABARAP
Q7Z2E3,APTX
P26440,IVD
Q9UBG3,CRNN
Q16836,HADH
P10301,RRAS
P49459,UBE2A
P62491,RAB11A
Q9Y3D6,FIS1
Q13077,TRAF1
Q53FA7,TP53I3
P31350,RRM2
P53674,CRYBB1
P78540,ARG2
O60701,UGDH
P32321,DCTD
Q9Y376,CAB39
Q7Z4W1,DCXR
P61964,WDR5
Q9UKK9,NUDT5
P08134,RHOC
O95149,SNUPN
P14598,NCF1
Q9UJM8,HAO1
Q8WW12,PCNP
O43402,EMC8
O75575,CRCP
O15205,UBD
Q99747,NAPG
P62318,SNRPD3
Q9UI15,TAGLN3
Q9BY49,PECR
Q96GA7,SDSL
Q13637,RAB32
Q9H492,MAP1LC3A
P09110,ACAA1
Q96EY8,MMAB
P60983,GMFB
O43598,DNPH1
O95749,GGPS1
P30084,ECHS1
Q15274,QPRT
P37235,HPCAL1
P51649,ALDH5A1
O95057,DIRAS1
O15305,PMM2
O15116,LSM1
P29218,IMPA1
Q13616,CUL1
O95336,PGLS
P57086,SCAND1
Q9NR45,NANS
Q9NVS9,PNPO
O75940,SMNDC1
O00560,SDCBP
Q9NQR4,NIT2
O00338,SULT1C2
Q93096,PTP4A1
Q86WA6,BPHL
O95861,BPNT1
P61601,NCALD
Q9NX09,DDIT4
Q9Y2Z0,SUGT1
Q6P587,FAHD1
P58340,MLF1
O60551,NMT2
Q96A58,RERG
P62316,SNRPD2
P29692,EEF1D
Q8TF09,DYNLRB2
Q9HCY8,S100A14
Q9BQ50,TREX2
Q9BXS1,IDI2
P27216,ANXA13
Q96FQ6,S100A16
O15247,CLIC2
Q9HAB8,PPCS
Q9Y295,DRG1
O43474,KLF4
Q9Y570,PPME1
P41227,NAA10
P49798,RGS4
Q9NPB1,NT5M
P28330,ACADL
Q9NT62,ATG3
Q14790,CASP8
P22061,PCMT1
Q9NWZ3,IRAK4
Q15819,UBE2V2
P62745,RHOB
P32322,PYCR1
Q9Y294,ASF1A
O95154,AKR7A3
Q8WUM4,PDCD6IP
Q99536,VAT1
Q13564,NAE1
P49591,SARS1
P52788,SMS
Q8WWV3,RTN4IP1
Q9Y5U2,TSSC4
P35558,PCK1
Q5SW96,LDLRAP1
P49915,GMPS
P05062,ALDOB
P26639,TARS1
P45381,ASPA
P50440,GATM
Q9BRG1,VPS25
P57730,CARD18
P43487,RANBP1
P43359,MAGEA5P
Q9UBU8,MORF4L1
Q0Z7S8,FABP9
Q8WV07,LTO1
P17540,CKMT2
P09105,HBQ1
P11049,CD37
P23193,TCEA1
P43360,MAGEA6
P28332,ADH6
O95067,CCNB2
Q9Y657,SPIN1
Q969M7,UBE2F
P48507,GCLM
Q9NWX6,THG1L
Q14626,IL11RA
Q96F85,CNRIP1
Q9HD15,SRA1
Q9NR46,SH3GLB2
Q9NRV9,HEBP1
P20674,COX5A
O75956,CDK2AP2
Q9Y3C1,NOP16
Q9UKY0,PRND
P78356,PIP4K2B
A6NDG6,PGP
Q3ZCW2,LGALSL
Q9NQ35,NRIP3
P47874,OMP
P36551,CPOX
Q15506,SPA17
P30085,CMPK1
P20073.1,ANXA7
Q9UHQ9,CYB5R1
P09132,SRP19
P50222,MEOX2
Q8N6N6,NATD1
Q86WR0,CCDC25
Q8IZ26,ZNF34
Q5XLA6,CARD17P
Q6NT46,GAGE2A
Q12962,TAF10
Q9NWU1,OXSM
Q9UEU5,GAGE8
P84101,SERF2
P50238,CRIP1
O95988,TCL1B
O43715,TRIAP1
Q96FN9,DTD2
P61952,GNG11
Q8IX03,WWC1
Q8NHG7,SVIP
O95229,ZWINT
Q16663,CCL15
P13928,ANXA8
P38936,CDKN1A
P48431,SOX2
Q9UBQ7,GRHPR
O14807,MRAS
P04632,CAPNS1
Q96QR8,PURB
Q69YI7,NAIF1
Q9H900,ZWILCH
Q92686,NRGN
Q9P287,BCCIP
O75781,PALM
Q9H2U2,PPA2
Q8NFX7,STXBP6
O75390,CS
P63302,SELENOW
O00399,DCTN6
Q9UGV2,NDRG3
Q7L266,ASRGL1
Q96DX8,RTP4
Q9UH03,SEPTIN3
O76080,ZFAND5
Q99963,SH3GL3
O00330,PDHX
P13995,MTHFD2
Q6NYC1,JMJD6
Q14194,CRMP1
P51687,SUOX
P43361,MAGEA8
Q9Y5X3,SNX5
Q96C36,PYCR2
P11908,PRPS2
Q96G03,PGM2
O14810,CPLX1
O60547,GMDS
O75874,IDH1
P49720,PSMB3
P28070,PSMB4
Q9Y617,PSAT1
Q9NUI1,DECR2
P24043 P07942 P11047,P24043 P07942 P11047
Q14103,HNRNPD
P35241,RDX
Q9UBH0,IL36RN
P08590,MYL3
P02768,ALB
P05091,ALDH2
P21964,COMT
Q00688,FKBP3
O75832,PSMD10
P35754,GLRX
P50502,ST13
P01562,IFNA13
Q9NZL9,MAT2B
P54922,ADPRH
Q08117,TLE5
P17516,AKR1C4
P51857,AKR1D1
O43687,AKAP7
Q6NS38,ALKBH2
Q96Q83,ALKBH3
Q6DCA0,AMMECR1L
Q01433,AMPD2
Q6NXT1,ANKRD54
P56377,AP1S2
Q9Y2Y0,ARL2BP
P18085,ARF4
P84085,ARF5
Q8N4G2,ARL14
Q9NXU5,ARL15
P49703,ARL4D
Q9Y689,ARL5A
Q9H0F7,ARL6
Q6T311,ARL9
Q9HBK9,AS3MT
O15511,ARPC5
P53602,MVD
P12830,CDH1
P11234,RALB
P62380,TBPL1
Q14CS0,UBXN2B
Q13427,PPIG
Q9H7Z7,PTGES2
P47224,RABIF
Q9NUU7,DDX19A
P08476 P55103,P08476 P55103
P83916,CBX1
P45877,PPIC
P0C0L4  P0C0L5,P0C0L4  P0C0L5
Q8N257,H2BC26
Q14240,EIF4A2
P60842,EIF4A1
Q8WWA0,ITLN1
Q96JA1,LRIG1
P0DJI9,SAA2
Q15121,PEA15
Q96EQ0,SGTB
P01266,TG
O14796,SH2D1B
Q9UIV8,SERPINB13
P62837,UBE2D2
O60516,EIF4EBP3
Q8N5S9,CAMKK1
Q9Y4C5,CHST2
P35030,PRSS3
Q96LZ3,PPP3R2
Q13185,CBX3
P07766,CD3E
Q9BQI0,AIF1L
P31997,CEACAM8
P49715,CEBPA
P02458.1,COL2A1
Q8NCG5,CHST4
Q99439,CNN2
O60565,GREM1
P02461,COL3A1
P48960,ADGRE5
Q9H4D0,CLSTN2
P60981,DSTN
Q9UDY4,DNAJB4
Q8TD84,DSCAML1
Q9Y5L3,ENTPD2
A6NFH5,FABP12
P02675,FGB
P32456,GBP2
O75487,GPC4
Q9Y653,ADGRG1
P18283,GPX2
Q03013,GSTM4
Q8IZP7,HS6ST3
Q92769,HDAC2
Q5TGJ6,HDGFL1
Q9Y3E1,HDGFL3
P01112,HRAS
P0DMV9,HSPA1B
Q16566,CAMK4
P08779,KRT16
P43629,KIR3DL1
Q96B26,EXOSC8
O14910,LIN7A
P51946,CCNH
Q99487,PAFAH2
Q9BY32,ITPA
P04746,AMY2A
P27815,PDE4A
P78562,PHEX
P34810,CD68
P28066,PSMA5
P25788,PSMA3
Q6H3X3,RAET1G
Q8WXG8,S100Z
O94813,SLIT2
O75094,SLIT3
Q9HAN9,NMNAT1
P49221,TGM4
P21980,TGM2
O60602,TLR5
P98155,VLDLR
P28065,PSMB9
Q8N8N7,PTGR2
Q08116,RGS1
Q96PB8,LRRC3B
P15153,RAC2
P51608,MECP2
Q8IYN2,TCEAL8
Q9Y316,MEMO1
P61081,UBE2M
Q969E4,TCEAL3
Q9UJC5,SH3BGRL2
O00142,TK2
Q96DG6,CMBL
Q8TDH9,BLOC1S5
Q96A00,PPP1R14A
Q92882,OSTF1
P35638,DDIT3
P14920,DAO
Q9UHD9,UBQLN2
O14950,MYL12B
Q8NI38,NFKBID
Q8WVY7,UBLCP1
P13861,PRKAR2A
Q9NQG5,RPRD1B
O14558,HSPB6
Q2M296,MTHFSD
P50452,SERPINB8
Q01085,TIAL1
Q5T653,MRPL2
P53803,POLR2K
Q969T7,NT5C3B
Q02252,ALDH6A1
O75031,HSF2BP
P51397,DAP
Q9UJW3,DNMT3L
Q6BCY4,CYB5R2
P15884,TCF4
Q8N565,MREG
Q9UHV8,LGALS13
O60220,TIMM8A
O60256,PRPSAP2
P41236,PPP1R2
Q15777,MPPED2
P07093,SERPINE2
Q15004,PCLAF
Q9HCU8,POLD4
Q9Y4E8,USP15
Q96AG4,LRRC59
P39019,RPS19
O43586,PSTPIP1
O43427,FIBP
Q9NRF9,POLE3
Q8TCF1,ZFAND1
Q7Z5G4,GOLGA7
P49006,MARCKSL1
Q9NUQ9,CYRIB
Q7L9L4,MOB1B
Q9UBP9,GULP1
P30050,RPL12
O95630,STAMBP
Q99733,NAP1L4
P54578,USP14
O14933,UBE2L6
P61758,VBP1
Q8TEA8,DTD1
P46782,RPS5
Q9BPY8,HOPX
P24752,ACAT1
P52435,POLR2J
Q16718,NDUFA5
Q06187,BTK
P36639,NUDT1
P55263,ADK
P27037,ACVR2A
P25963,NFKBIA
Q9UGM3,DMBT1
O60575,SPINK4
Q92597,NDRG1
P61970,NUTF2
P61020,RAB5B
P62820,RAB1A
O14602,EIF1AY
Q8WV28,BLNK
Q16520,BATF
O95816,BAG2
Q86YM7,HOMER1
P30711,GSTT1
O75365,PTP4A3
O00244,ATOX1
P53999,SUB1
P30046,DDT
P15104,GLUL
P84077,ARF1
Q13442,PDAP1
P82980,RBP5
O60925,PFDN1
Q9UHV9,PFDN2
P51668,UBE2D1
Q15046,KARS1
Q99417,MYCBP
P10124,SRGN
P49721,PSMB2
Q8WUD1,RAB2B
P36959,GMPR
Q9NPJ8,NXT2
P09496,CLTA
Q92947,GCDH
P05198,EIF2S1
O14908,GIPC1
Q9H190,SDCBP2
P49748,ACADVL
P06730,EIF4E
P15927,RPA2
P17987,TCP1
Q13283,G3BP1
Q16775,HAGH
P54577,YARS1
P63096,GNAI1
Q9UBV8,PEF1
P00390,GSR
Q13424,SNTA1
P51553,IDH3G
P62308,SNRPG
Q8NFU3,TSTD1
Q9H0U4,RAB1B
P09455,RBP1
P61077,UBE2D3
O15525,MAFG
P51153,RAB13
Q02045,MYL5
O43583,DENR
P06132,UROD
P00492,HPRT1
O14958,CASQ2
O75436,VPS26A
Q9P021,CRIPT
P36873,PPP1CC
Q01449,MYL7
P11413,G6PD
Q6P9H5,GIMAP6
Q6UWS5,PET117
O14579,COPE
P22914,CRYGS
Q8IWL3,HSCB
P15309,ACP3
O00559,EBAG9
Q96IU4,ABHD14B
O14929,HAT1
O96017,CHEK2
Q9H422,HIPK3
Q9UQB8,BAIAP2
Q9Y3A3,MOB4
P61978,HNRNPK
O95881,TXNDC12
Q9UK76,JPT1
Q8WZA0,LZIC
Q9BR61.1,ACBD6
O43570,CA12
Q86WC4,OSTM1
Q6ZVM7,TOM1L2
P51809,VAMP7
Q86UE6,LRRTM1
O15232,MATN3
P12004,PCNA
O15382,BCAT2
Q7Z412,PEX26
P42126,ECI1
Q92830,KAT2A
Q9Y661,HS3ST4
Q7Z553,MDGA2
P19105,MYL12A
P56278,MTCP1
P40261,NNMT
O95897,OLFM2
O95716,RAB3D
Q2M5E4,RGS21
Q9BW66,CINP
P55289,CDH12
O94760,DDAH1
P15692,VEGFA
O95926,SYF2
Q9P2T1,GMPR2
Q16831,UPP1
Q9H477,RBKS
Q9BSH5,HDHD3
Q06136,KDSR
O75340,PDCD6
Q92506,HSD17B8
Q9UBP8,KAAG1
Q9BXD5,NPL
O60493,SNX3
P23919,DTYMK
Q6IB77,GLYAT
Q6PH85,DCUN1D2
P52926,HMGA2
P52790,HK3
Q99497,PARK7
Q99497.1,PARK7
Q16623,STX1A
P61956,SUMO2
P17927,CR1
Q86Z14,KLB
O75096,LRP4
Q9HCM2,PLXNA4
Q9Y4D7,PLXND1
Q96RU2,USP28
Q9BYH1,SEZ6L
Q15306,IRF4
P00533,EGFR
P40933,IL15
P55075.1,FGF8
P53567,CEBPG
P08514 P05106,P08514 P05106
P19235,EPOR
O60496.1,DOK2
P59665,DEFA1B
P24593,IGFBP5
P31371,FGF9
Q96E17,RAB3C
P52294,KPNA1
P35247,SFTPD
Q92994,BRF1
Q96DX5,ASB9
P17535,JUND
Q14623,IHH
P60033,CD81
P20061,TCN1
Q9H0P0,NT5C3A
Q9BUP0,EFHD1
Q14914,PTGR1
Q15700,DLG2
P08476.1,INHBA
P08865,RPSA
P01042.1,KNG1
Q14314,FGL2
P17693,HLA-G
P06850,CRH
P01213,PDYN
P10997,IAPP
P01270,PTH
Var.2604,Var.2604
Var.2605,Var.2605
Var.2606,Var.2606
Var.2607,Var.2607
Var.2608,Var.2608
Var.2609,Var.2609
Var.2610,Var.2610
Var.2611,Var.2611
Var.2612,Var.2612
HCE001796,HCE001796
HCE003167,HCE003167
P0C0L4  P0C0L5.1,P0C0L4  P0C0L5.1
P03951,F11
Q9Y4X3,CCL27
HCE000414,HCE000414
P39060,COL18A1
P01033,TIMP1
P00750,PLAT
HCE003183,HCE003183
P58294,PROK1
HCE004333,HCE004333
HCE004359,HCE004359
P16035,TIMP2
HCE004331,HCE004331
HCE003300,HCE003300
HCE000483,HCE000483
P01137,TGFB1
HCE004152,HCE004152
P01031,C5
P02649,APOE
P23560.1,BDNF
"P07357,P07358,P07360",C8A
HCE000342,HCE000342
P08311,CTSG
Q9H2A7,CXCL16
O15520,FGF10
P55075.2,FGF8
Q9NZK7,PLA2G2E
P39877,PLA2G5
P78556,CCL20
P02743,APCS
P10721,KIT
P35625,TIMP3
Q9Y264,ANGPT4
O60609,GFRA3
HCE000104,HCE000104
Q15768,EFNB3
O00451,GFRA2
O00585,CCL21
P09429,HMGB1
P01189,POMC
P05156,CFI
P17936,IGFBP3
P13500,CCL2
P14780,MMP9
P05164,MPO
P01236,PRL
Q01973,ROR1
P15692.1,VEGFA
P41273,TNFSF9
O15123,ANGPT2
P28908,TNFRSF8
O75462 Q9UBD9,O75462 Q9UBD9
P01034,CST3
Q06418,TYRO3
P55010,EIF5
P52798,EFNA4
P52803,EFNA5
P04626,ERBB2
P21860,ERBB3
Q15303,ERBB4
P09758.1,TACSTD2
P40189,IL6ST
P30519,HMOX2
P07900,HSP90AA1
Q08334,IL10RB
P42701,IL12RB1
P78552,IL13RA1
P31785,IL2RG
Q6UX15,LAYN
P36941,LTBR
P22897,MRC1
Q04912,MST1R
P68402,PAFAH1B2
P22223,CDH3
P17252,PRKCA
Q05513,PRKCZ
P50395,GDI2
P32942,ICAM3
Q03405,PLAUR
P19438,TNFRSF1A
Q16288,NTRK3
Q02223,TNFRSF17
P07585,DCN
P07384 P04632,P07384 P04632
P00533.1,EGFR
P14210,HGF
P10809,HSPD1
P01024,C3
Q16674,MIA
P14555,PLA2G2A
P13725.1,OSM
P16284,PECAM1
O60542,PSPN
P02776,PF4
P07225,PROS1
O14836,TNFRSF13B
O15444,CCL25
P05543,SERPINA7
Q9UNG2,TNFSF18
Q12904,AIMP1
Q99062,CSF3R
Q9NZH6,IL37
P24821,TNC
Q29983,MICA
P16435,POR
Q9H9S0,NANOG
O95944,NCR2
P48745,CCN3
O43699,SIGLEC6
Q9Y286,SIGLEC7
Q15465,SHH
P01857,IGHG1
Q9BZM4,ULBP3
P02647,APOA1
P43026,GDF5
P02745  P02746  P02747,P02745  P02746  P02747
P01024.1,C3
P01024.2,C3
O95990,FAM107A
O76093,FGF18
Q9NP95,FGF20
O95390 O14793,O95390 O14793
P18093,rev
P22362,CCL1
P08833,IGFBP1
P22301,IL10
Q14005,IL16
Q9GZX6,IL22
P02788,LTF
Q8NHW4,CCL4L2
P16619,CCL3L3
P08254,MMP3
P09237,MMP7
P02775.2,PPBP
P00441,SOD1
P02671 P02675 P02679,P02671 P02675 P02679
P04114,APOB
Q9BYF1,ACE2
P36896,ACVR1B
O75173,ADAMTS4
Q15389,ANGPT1
O00253,AGRP
P50895,BCAM
P33151,CDH5
Q86VX2,COMMD7
Q92838.1,EDA
P78423,CX3CL1
O43278,SPINT1
Q8NEV9 Q14213,Q8NEV9 Q14213
Q9UBX7,KLK11
Q9Y5K2,KLK4
O60259,KLK8
P12956,XRCC6
P80188,LCN2
P08581,MET
Q9ULZ9,MMP17
P23510,TNFSF4
O43291,SPINT2
P35590,TIE1
P62979,RPS27A
P55008,AIF1
P01031.1,C5
O14757,CHEK1
P27361,MAPK3
Q9BY41,HDAC8
P52292,KPNA2
Q02750,MAP2K1
P63000,RAC1
Q06609,RAD51
P20226,TBP
P11387,TOP1
P63279,UBE2I
P07947,YES1
P01011,SERPINA3
P10643,C7
Q16619,CTF1
Q9NRJ3,CCL28
Var.2792,Var.2792
Q16627,CCL14
P05112,IL4
P21741,MDK
P55773,CCL23
P05121,SERPINE1
P02649.1,APOE
P02649.2,APOE
Q5T4W7,ARTN
P99999,CYCS
P08684,CYP3A4
P41271,NBL1
P00746,CFD
P10912,GHR
O15496,PLA2G10
P22692,IGFBP4
P05019,IGF1
"P01215, P01229",CGA
P27918,CFP
P04070,PROC
P12272,PTHLH
Q9Y240,CLEC11A
P19320,VCAM1
O95150,TNFSF15
P15514,AREG
P18075,BMP7
P16671,CD36
Q12860,CNTN1
P29279,CCN2
Q02413,DSG1
Q9UNE0,EDAR
P42830,CXCL5
P56470,LGALS4
P09341,CXCL1
P16403,H1-2
P14778,IL1R1
Q96F46,IL17RA
O95256,IL18RAP
Q9HB29,IL1RL2
P57087,JAM2
Q9BX67,JAM3
Q13449,LSAMP
P11226,MBL2
O14931,NCR3
Q9BQ51,PDCD1LG2
P18031,PTPN1
Q9Y336,SIGLEC9
Q03167,TGFBR3
Q969D9,TSLP
P16410,CTLA4
P08697,SERPINF2
P09038,FGF2
P20810,CAST
P55773.1,CCL23
Q9NNX6,CD209
Q9H2X3,CLEC4M
"P01215,  P01225",CGA
P05162,LGALS2
P14136,GFAP
Q9UHD0,IL19
P01584,IL1B
O14625,CXCL11
P10147,CCL3
Q9UBG0,MRC2
P02144,MB
P09486,SPARC
P55774,CCL18
P21246,PTN
Q9HD89,RETN
P07477,PRSS1
P04275,VWF
P48023,FASLG
P00738,HP
P24394,IL4R
O95388.1,CCN4
Q9Y275,TNFSF13B
P02748,C9
P12034,FGF5
P17931,LGALS3
O60383,GDF9
P01871,IGHM
P60568,IL2
P35225,IL13
O95998,IL18BP
P18428,LBP
P00742,F10
P49763,PGF
Q99969,RARRES2
Q9BZM6,ULBP1
Q9BZM5,ULBP2
Q9HAV5,EDA2R
O14965,AURKA
P28482,MAPK1
Q9NR28,DIABLO
P49767,VEGFC
P01730,CD4
P19875,CXCL2
P01589,IL2RA
P20333,TNFRSF1B
P20138,CD33
Q9UNA0,ADAMTS5
P35475,IDUA
P50579,METAP2
P05067,APP
P15848,ARSB
Q02083,NAAA
Q9UHI8,ADAMTS1
Q76LX8,ADAMTS13
P53634,CTSC
P10619,CTSA
P25774,CTSS
P49961,ENTPD1
P08709,F7
P06681,C2
P54108,CRISP3
P98073,TMPRSS15
Q96NZ8,WFIKKN1
Q96KP4,CNDP2
Q9HCN6,GP6
P22749,GNLY
P10915,HAPLN1
P14735,IDE
P22304,IDS
Q9UKR0,KLK12
Q9Y337.1,KLK5
Q8NCW0,KREMEN2
P09960,LTA4H
Q9Y5Y7,LYVE1
Q9NQ76,MEPE
P53582,METAP1
Q9NR71,ASAH2
P14543,NID1
P01833,PIGR
P07949,RET
Q8N474,SFRP1
Q14563,SEMA3A
P13686,ACP5
Q76M96,CCDC80
Q8TEU8,WFIKKN2
P16112,ACAN
Q15582,TGFBI
P21810,BGN
P00736,C1R
Q6YHK3,CD109
P06734,FCER2
P09326,CD48
O43866,CD5L
P0CG37,CFC1
Q02246,CNTN2
Q8IWV2,CNTN4
O94779,CNTN5
O76096,CST7
Q9NR61,DLL4
P12318,FCGR2A
P31994,FCGR2B
O75015,FCGR3B
P12314,FCGR1A
Q15485.1,FCN2
P56159,GFRA1
Q8N158,GPC2
P05546,SERPIND1
O43464,HTRA2
Q16270,IGFBP7
Q13007,IL24
Q6UXM1,LRIG3
Q14114,LRP8
Q9HBG7,LY9
O00339,MATN2
Q9BY67,CADM1
Q9HB63,NTN4
O75594,PGLYRP1
Q6NW40,RGMB
Q6ZVN8,HJV
P10646,TFPI
P35442.1,THBS2
P35443,THBS4
P00519,ABL1
P42684,ABL2
Q03154,ACY1
P01008,SERPINC1
Q96GD4,AURKB
P25098,GRK2
P13497,BMP1
Q9UQM7,CAMK2A
Q13554,CAMK2B
P23280,CA6
P43166,CA7
P24941 P20248,P24941 P20248
Q00535 Q15078,Q00535 Q15078
P49336 P24863,P49336 P24863
Q9UJ71,CD207
Q9BU40,CHRDL1
P41240,CSK
O60911,CTSV
Q9UBT3,DKK4
Q16610,ECM1
Q9UGM5,FETUB
P20718,GZMH
P08631,HCK
Q8NFM7,IL17RD
P49862,KLK7
P41743,PRKCI
P07948,LYN
O75914,PAK3
Q9P286,PAK5
P05154,SERPINA5
P42336 P27986,P42336 P27986
P48736,PIK3CG
Q9Y243,AKT3
P53350,PLK1
P00797,REN
Q06124,PTPN11
Q8WWQ8,STAB2
Q9UHD2,TBK1
P17706,PTPN2
P20231,TPSB2
Q9NRR2,TPSG1
Q9Y3C8,UFC1
P10415,BCL2
Q16548,BCL2A1
P51813,BMX
P21815,IBSP
Q8IU85,CAMK1D
Q13557,CAMK2D
Q8N1Q1,CA13
P32971,TNFSF8
P06493 P14635,P06493 P14635
P23946,CMA1
P68400,CSNK2A1
P21709,EPHA1
P29320,EPHA3
P02751,FN1
P02751.1,FN1
P36888,FLT3
O95633,FSTL3
P12544,GZMA
P49840,GSK3A
Q13261.1,IL15RA
P10145,CXCL8
P06213,INSR
P29622,SERPINA4
Q92876,KLK6
P06239,LCK
P07948.1,LYN
Q15063,POSTN
P09619,PDGFRB
Q96GW7,BCAN
P17612,PRKACA
P51812,RPS6KA3
P16581,SELE
O75716,STK16
O15392,BIRC5
P40238,MPL
P07996,THBS1
P04629,NTRK1
P51452,DUSP3
Q9NQW7,XPNPEP1
P01019,AGT
P61769.1,B2M
P05230,FGF1
O43927,CXCL13
P04040,CAT
P26441,CNTF
O60258,FGF17
P80162,CXCL6
P01563,IFNA2
Q9UHF5,IL17B
"P56199, P05556",ITGA1
P81172,HAMP
"P01374, Q06643",LTA
"P01374, Q06643.1",LTA
P10584,mdh
O00626,CCL22
P27142,adk
P48061,CXCL12
Q96IY4,CPB2
Q92583,CCL17
P10600,TGFB3
P01215 P01222,P01215 P01222
P01282,VIP
Var.3072,Var.3072
Var.3073,Var.3073
Var.3074,Var.3074
Var.3075,Var.3075
P29965,CD40LG
O94907,DKK1
P20711,DDC
Q15848,ADIPOQ
P01009,SERPINA1
P02765,AHSG
P15289,ARSA
P35613,BSG
O95393,BMP10
Q14012,CAMK1
P42574,CASP3
Q13231,CHIT1
Q9BXN2,CLEC7A
P48740,MASP1
Q9UBP4,DKK3
P15586,GNS
Q04756,HGFAC
Q8N6P7,IL22RA1
Q99538,LGMN
O95711,LY86
Q495T6,MMEL1
P36507,MAP2K2
Q9Y5S2,CDC42BPB
Q8N126,CADM3
P30533,LRPAP1
O00206  Q9Y6Y9,O00206  Q9Y6Y9
P42212.1,GFP
P35968,KDR
Q9BY79,MFRP
P01023,A2M
P00747,PLG
P12277 P06732,P12277 P06732
P08659,P08659
P46527,CDKN1B
P06237,nodH
P16860.1,NPPB
P26349,P26349
P10082,PYY
P09683,SCT
P43489,TNFRSF4
P09603,CSF1
P33183,P33183
P04070.1,PROC
P35354,PTGS2
Q02763,TEK
Q13443,ADAM9
Q9BY76,ANGPTL4
P19022,CDH2
Q16790,CA9
P07451,CA3
P12277,CKB
P28325,CST5
Q9NQ30,ESM1
P54756,EPHA5
Q9GZV9,FGF23
P21802,FGFR2
P22607.1,FGFR3
P09769,FGR
P06241,FYN
Q99665,IL12RB2
Q04759,PRKCQ
P49137,MAPKAPK2
Q8IW41,MAPKAPK5
Q16644,MAPKAPK3
P42679,MATK
P45983,MAPK8
Q9NQU5,PAK6
P60484,PTEN
Q13882,PTK6
O60603,TLR2
P61960,UFM1
P43403,ZAP70
O00170,AIP
P62937,PPIA
Q9NP97,DYNLRB1
O95571,ETHE1
P04406,GAPDH
P42212.2,GFP
P25685,DNAJB1
P40925,MDH1
Q13765,NACA
Q06830,PRDX1
P24666,ACP1
P25786,PSMA1
P60900,PSMA6
P62081,RPS7
Q9Y3A5,SBDS
Q6UXD5,SEZ6L2
O43765,SGTA
P13693,TPT1
P07202,TPO
P68036,UBE2L3
Q99856,ARID3A
Q16543,CDC37
P63167,DYNLL1
Q14974,KPNB1
Q9UK53,ING1
P20700,LMNB1
P07195,LDHB
O95243,MBD4
Q15648,MED1
Q13421,MSLN
Q9UJ70,NAGK
P18669,PGAM1
Q96GD0,PDXP
P51665,PSMD7
P63208,SKP1
O95219,SNX4
P61088,UBE2N
Q08345,DDR1
P08620,FGF4
P0DMV8.6,HSPA1A
Q15109,AGER
P17213,BPI
P13671,C6
O00175,CCL24
P00751,CFB
P10767,FGF6
P02751.2,FN1
P19883,FST
P10144,GZMB
P01854,IGHE
Q8TAD2,IL17D
Q9H293,IL25
Q9NYY1,IL20
P13232,IL7
P02778,CXCL10
P47992,XCL1
Q99616,CCL13
P20783,NTF3
P34130,NTF4
Q13219,PAPPA
P01127,PDGFB
P00747.1,PLG
P00747.2,PLG
P03952,KLKB1
P01011.1,SERPINA3
P16109,SELP
P24821.1,TNC
P61812,TGFB2
P00734,F2
P00749,PLAU
P08603,CFH
P08253,MMP2
P02787,TF
P0C0S5,H2AZ1
P61981,YWHAG
Q13542,EIF4EBP2
P52209,PGD
O43488,AKR7A2
P14550,AKR1A1
Q92688,ANP32B
P23528,CFL1
Q9NP79,VTA1
Q9UBC2,EPS15L1
Q99714,HSD17B10
P16591,FER
O60506,SYNCRIP
P78344,EIF4G2
P08069,IGF1R
Q01638,IL1RL1
Q9UIC8,LCMT1
P14618,PKM
P32004,L1CAM
P22392,NME2
Q9UNZ2,NSFL1C
Q8IVD9,NUDCD3
Q9UQ80,PA2G4
P27169,PON1
O00541,PES1
Q99471,PFDN5
P06744,GPI
P30086,PEBP1
P07237,P4HB
P25787,PSMA2
P62826,RAN
Q14498,RBM39
P54920,NAPA
Q9NYA1,SPHK1
Q9HCB6,SPON1
P04183,TK1
Q8N3X6,LCORL
P29401,TKT
P60174,TPI1
Q9H773,DCTPP1
P29350,PTPN6
Q9BXJ7,AMN
P09228,CST2
Q9BWV1,BOC
Q9P126,CLEC1B
P02741,CRP
P05362,ICAM1
Q9UIK4,DAPK2
O43781,DYRK3
Q99988,GDF15
O43323,DHH
P61328,FGF12
O43320,FGF16
P55075.3,FGF8
Q8IU54,IFNL1
Q8IZJ0,IFNL2
P26927,MST1
P03973,SLPI
O43184,ADAM12
Q07817,BCL2L1
Q9GZX3,CHST6
Q9BWP8,COLEC11
Q6UWV6,ENPP7
O75355,ENTPD3
O75356,ENTPD5
Q96P31,FCRL3
Q86VH5,LRRTM3
Q08431,MFGE8
Q16549,PCSK7
O15530,PDPK1
Q9BZZ2,SIGLEC1
Q14515,SPARCL1
Q9NRA0,SPHK2
Q7LFX5,CHST15
Q08188,TGM3
P07951,TPM2
P62979.1,RPS27A
P43403.1,ZAP70
P05155,SERPING1
P01024.3,C3
"P0C0L4, P0C0L5",C4A
"P01031,P13671",C5
P21781,FGF7
P20809,IL11
P39900,MMP12
P13591,NCAM1
P04085,PDGFA
Q9Y240.1,CLEC11A
Q8TE58,ADAMTS15
Q9GZN4,PRSS22
Q10588,BST1
P45973,CBX5
Q4KMG0,CDON
P10909,CLU
Q86Y22,COL23A1
P02775.3,PPBP
Q96DA6,DNAJC19
Q9UHX3,ADGRE2
Q9NZU1,FLRT1
P21217,FUT3
Q11128,FUT5
Q8IZF4,ADGRG5
Q7Z4V5,HDGFL2
Q6ZMJ4,IL34
Q8IZU9,KIRREL3
Q16719,KYNU
P06239.1,LCK
P58417,NXPH1
P19174,PLCG1
O60486,PLXNC1
Q6UXX9,RSPO2
O60880,SH2D1A
O94991,SLITRK5
Q96PQ0,SORCS2
P68408,MELT
P01298,PPY
Var.3337,Var.3337
Var.3338,Var.3338
Var.3339,Var.3339
Var.3340,Var.3340
Var.3341,Var.3341
Var.3342,Var.3342
Var.3343,Var.3343
Var.3344,Var.3344
Var.3345,Var.3345
Var.3346,Var.3346
Var.3347,Var.3347
Var.3348,Var.3348
Var.3349,Var.3349
Var.3350,Var.3350
Var.3351,Var.3351
Var.3352,Var.3352
Var.3353,Var.3353
Var.3354,Var.3354
Var.3355,Var.3355
Var.3356,Var.3356
Var.3357,Var.3357
P05231,IL6
P31937,HIBADH
P04141,CSF2
P01374,LTA
P11171,EPB41
Q04917,YWHAH
P14061,HSD17B1
P05090,APOD
P08700,IL3
P23284,PPIB
P30101,PDIA3
Q07654,TFF3
P43652,AFM
Q6UX06,OLFM4
Q92484,SMPDL3A
P06396.1,GSN
P08185,SERPINA6
Q70626,env
P22079,LPO
P27658,COL8A1
Q14624,ITIH4
P31947,SFN
P14151,SELL
O00220,TNFRSF10A
P29317,EPHA2
P09919,CSF3
P51654,GPC3
P01583,IL1A
Q13873,BMPR2
Q16620,NTRK2
P15692.2,VEGFA
P03950,ANG
P00740,F9
P00742.1,F10
Q9UK05,GDF2
P01308,INS
P80098,CCL7
O00755,WNT7A
P01189.1,POMC
P01275,GCG
P01024.4,C3
Q08209  P63098,Q08209  P63098
P42575,CASP2
Q14019,COTL1
P12259,F5
P02671 P02675 P02679.1,P02671 P02675 P02679.1
P17813,ENG
O00214,LGALS8
P04054,PLA2G1B
P09211,GSTP1
P17174,GOT1
O15467,CCL16
"P01215,P01233",CGA
"P69905, P68871",HBA2
P01880,IGHD
"P06756, P18084",ITGAV
P61626,LYZ
Q99731,CCL19
P03971,AMH
P03956,MMP1
P45452,MMP13
P04278,SHBG
P52823,STC1
P13726,F3
O14944,EREG
O95994,AGR2
P04083,ANXA1
P07355.1,ANXA2
Q49AH0,CDNF
P56211,ARPP19
Q9NZ08,ERAP1
P06576,ATP5F1B
Q07021,C1QBP
P40121,CAPG
P00915,CA1
P00918,CA2
Q9UBR2,CTSZ
Q13489,BIRC3
P46108,CRK
Q9UJU6,DBNL
Q07507,DPT
Q14574,DSC3
P19957,PI3
P10768,ESD
Q01469,FABP5
Q05397,PTK2
P24071,FCAR
P22455,FGFR4
P02679,FGG
P07359,GP1BA
P78333,GPC5
P28799,GRN
Q16772,GSTA3
P15428,HPGD
P04196,HRG
P38919,EIF4A3
Q08380,LGALS3BP
O75556,SCGB2A1
P50281,MMP14
Q15759,MAPK11
P53778,MAPK12
O15264,MAPK13
Q16539,MAPK14
P04179,SOD2
P26038,MSN
P43490,NAMPT
P00568,AK1
O00299,CLIC1
P16333,NCK1
Q13093,PLA2G7
P30044,PRDX5
P30041,PRDX6
P09936,UCHL1
P00558,PGK1
Q15181,PPA1
P30566,ADSL
P06400,RB1
P23396,RPS3
Q86VB7,CD163
Q12884,FAP
Q8IXJ6,SIRT2
Q13813,SPTAN1
Q08945,SSRP1
P09493,TPM1
P07478,PRSS2
P04818,TYMS
P98066,TNFAIP6
Q9NZQ7,CD274
O75144,ICOSLG
Q15762,CD226
Q9BZW8,CD244
Q01151,CD83
Q08708,CD300C
P08174,CD55
O95407,TNFRSF6B
Q5JZY3,EPHA10
O15197,EPHB6
Q9NP60,IL1RAPL2
Q9UHF4,IL20RA
Q969J5,IL22RA2
Q5VWK5,IL23R
P16871,IL7R
Q8NHL6,LILRB1
Q8N423,LILRB2
P78504,JAG1
Q9Y219,JAG2
Q86YT9,JAML
Q99706,KIR2DL4
P43630,KIR3DL2
Q14943,KIR3DS1
Q9NZS2,KLRF1
Q14108,SCARB2
Q29980,MICB
Q8TD46,CD200R1
Q9BZR6,RTN4R
Q04721.1,NOTCH2
P46531,NOTCH1
Q9UM47,NOTCH3
Q92823,NRCAM
P58400,NRXN1
Q9HDB5,NRXN3
P41217,CD200
P16471,PRLR
Q9HCK4,ROBO2
Q96MS0,ROBO3
Q9H3T3,SEMA6B
Q9UMF0,ICAM5
Q96DU3,SLAMF6
Q14162,SCARF1
Q9NS68,TNFRSF19
Q6UWB1,IL27RA
P37173,TGFBR2
Q8TDQ0.1,HAVCR2
Q9NP84,TNFRSF12A
O95185,UNC5C
Q13946,PDE7A
Q13131 Q9Y478 P54619,Q13131 Q9Y478 P54619
P30419,NMT1
O76083,PDE9A
Q08752,PPID
P61289,PSME3
Q14397,GCKR
P68400.1,CSNK2A1
P68400 P67870,P68400 P67870
P19784 P67870,P19784 P67870
Q15118,PDK1
Q02241,KIF23
P20839,IMPDH1
P04035,HMGCR
Q8NBP7,PCSK9
P20393,NR1D1
Q9UNP9,PPIE
P45985,MAP2K4
P54646 O43741 P54619,P54646 O43741 P54619
O00408,PDE2A
P30405,PPIF
O94768,STK17B
P12268,IMPDH2
Q9HCR9,PDE11A
P54750,PDE1A
Q14432,PDE3A
Q08499,PDE4D
O76074.1,PDE5A
O43318 Q15750,O43318 Q15750
P29597,TYK2
P42684.1,ABL2
O75815.1,BCAR3
P27797,CALR
O75791.1,GRAP2
P51512,MMP16
P29353.1,SHC1
P15498,VAV1
Q9H1K4,SLC25A18
P51671,CCL11
P00740.1,F9
P02649.3,APOE
P45379,TNNT2
P00734.1,F2
P08133,ANXA6
P42081,CD86
P06702,S100A9
Q92851,CASP10
P16870,CPE
Q8WWK9,CKAP2
Q99829,CPNE1
P14635,CCNB1
O00548,DLL1
Q9Y625,GPC6
P22626,HNRNPA2B1
Q92956,TNFRSF14
P18510,IL1RN
P05783,KRT18
O43557,TNFSF14
Q8N0W4,NLGN4X
Q99983,OMD
P11309,PIM1
P31751.1,AKT2
O15041,SEMA3E
Q01105,SET
Q96RJ3,TNFRSF13C
P25445,FAS
P48357,LEPR
O75509,TNFRSF21
P55291.1,CDH15
P26842,CD27
P78324,SIRPA
P05413,FABP3
P48788,TNNI2
P19429,TNNI3
P01160,NPPA
Q13740,ALCAM
P07306,ASGR1
Q96KN2,CNDP1
Q5KU26,COLEC12
P01037,CST1
Q9UMR2,DDX19B
O75636,FCN3
P54826,GAS1
P62993,GRB2
O60243,HS6ST1
P08238,HSP90AB1
Q8NAC3,IL17RC
P05771,PRKCB
P05129,PRKCG
Q04609,FOLH1
P13501,CCL5
P20936,RASA1
Q96B86,RGMA
P61247,RPS3A
P13598,ICAM2
Q9NQ25,SLAMF7
P12931.1,SRC
P31948,STIP1
Q08629,SPOCK1
Q92563,SPOCK2
Q9BYP7,WNK3
P62306,SNRPF
P07339,CTSD
P01133,EGF
Q9Y5U5.1,TNFRSF18
P11362,FGFR1
O14763,TNFRSF10B
O14786,NRP1
Q08830,FGL1
P34925,RYK
P20062.1,TCN2
Q9UNW1,MINPP1
Q8TCW7,ZPLD1
Q14554,PDIA5
P06127.1,CD5
Q9H772,GREM2
Q8NBM8,PCYOX1L
Q96PD5,PGLYRP2
Q5GAN6,RNASE10
Q9Y251,HPSE
O00587,MFNG
P55081,MFAP1
Q7Z5A7,TAFA5
Q5VUB5,FAM171A1
Q8NET1,DEFB108B
Q9BX68,HINT2
Q9GZY6,LAT2
P06850.1,CRH
Q8WUF8,ARB2A
O15130,NPFF
P58499,FAM3B
P19021,PAM
Q9NS62,THSD1
Q8TDQ1,CD300LF
Q99895,CTRC
P01148,GNRH1
Q9NS98,SEMA3G
P26715,KLRC1
Q9UGN4,CD300A
P12872,MLN
Q9NQ79,CRTAC1
Q9H488,POFUT1
P55083,MFAP4
Q9Y2I2,NTNG1
Q8NBJ5,COLGALT1
Q8TDF5.1,NETO1
Q6JVE9,LCN8
P34096,RNASE4
Q93091,RNASE6
Q6GPI1,CTRB2
Q00888,PSG4
Q15084,PDIA6
Q13046,PSG7
A4D1T9,PRSS37
Q96JJ7,TMX3
P21128,ENDOU
Q11201,ST3GAL1
P05160,F13B
P20396,TRH
P08294,SOD3
Q14116,IL18
P10720,PF4V1
Q8N104,DEFB106B
Q13214,SEMA3B
Q5JXA9,SIRPB2
P17538,CTRB1
P24821.2,TNC
P42127,ASIP
Q6UXQ4,C2orf66
P81534,DEFB103B
Q9NPH6,OBP2B
Q6EMK4,VASN
P14314,PRKCSH
Q9NTU7,CBLN4
Q30KQ8,DEFB112
Q9NNX1,TUFT1
Q9H0B8,CRISPLD2
P22105,TNXB
P05452,CLEC3B
Q99784,OLFM1
P51124,GZMM
P41970,ELK3
Q969E1,LEAP2
Q8IZI9,IFNL3
P05013,IFNA6
Q9BUJ0,ABHD14A
Q6PB30,CSAG1
O75339,CILP
Q15884,ENTREP1
P42785,PRCP
P51460,INSL3
Q6UWP8,SBSN
Q6PDA7,SPAG11A
Q6Y288,B3GLCT
Q96LA6,FCRL1
O95715,CXCL14
Q6UWN8,SPINK6
Q96NY8,NECTIN4
Q96EU7,C1GALT1C1
Q5T2D2,TREML2
Q92854,SEMA4D
P24821.3,TNC
P60985,KRTDAP
Q9Y6N7,ROBO1
Q9NPH0,ACP6
Q16568,CARTPT
Q9BUN1,MENT
O43692,PI15
Q13510,ASAH1
P04118,CLPS
Q6P1Q0,LETMD1
Q96L08,SUSD3
Q7Z5A9,TAFA1
Q9Y581,INSL6
P09681.1,GIP
Q9BXP8,PAPPA2
O95467,GNAS
Q9UKQ9,KLK9
Q08648,SPAG11B
Q8WTQ1,DEFB104B
Q10471,GALNT2
Q5J5C9,DEFB121
P02771,AFP
P55957,BID
P01138,NGF
P01024.5,C3
P32970,CD70
P13385,CRIPTO
P01588,EPO
P39905,GDNF
P15260,IFNGR1
P15248,IL9
P42702,LIFR
Q96KQ7,EHMT2
P80511,S100A12
P10636,MAPT
P63104,YWHAZ
P46952,HAAO
P04075,ALDOA
P05089,ARG1
Q92934,BAD
Q13561,DCTN2
P24534,EEF1B2
Q15056,EIF4H
P63241,EIF5A
P07492,GRP
P49773,HINT1
P11142,HSPA8
P15531,NME1
P50542,PEX5
Q06323,PSME1
O95389,CCN6
P02794 P02792,P02794 P02792
P01375,TNF
O43508,TNFSF12
P40225,THPO
P01270.1,PTH
P61278,SST
Q99LC4.92,Igh
Q6E0U4,DMKN
Q53S33,BOLA3
P30042,GATD3
O43557.1,TNFSF14
O95399,UTS2
Q99435,NELL2
Q8WXF3,RLN3
P15907,ST6GAL1
Var.3800,Var.3800
Q99LC4.93,Igh
P24387,CRHBP
P24821.4,TNC
Q99LC4.94,Igh
Q13332,PTPRS
O95157,NXPH3
P12273,PIP
Q9BS26,ERP44
Q8NBJ7,SUMF2
Q99LC4.95,Igh
Q9NZK5,ADA2
Q8TE99,PXYLP1
Q9UKZ9,PCOLCE2
Q6WN34,CHRDL2
Q99LC4.96,Igh
Q96RD9,FCRL5
Q9UNI1,CELA1
Q99LC4.97,Igh
P16519.1,PCSK2
Q7Z304,MAMDC2
Q99LC4.98,Igh
P04637,TP53
P46734,MAP2K3
P04637.1,TP53
P07602,PSAP
P01569,IFNA5
Q6NT52,CGB2
P32881,IFNA8
Q5EBL8,PDZD11
Q9BRR6,ADPGK
Q16661,GUCA2B
Q8IYU8,MICU2
O43240,KLK10
Q9HBV2,SPACA1
O95813,CER1
O76061,STC2
Q6UXI7,VIT
Q8N441,FGFRL1
Q9UQ74,PSG8
Q2MKA7.1,RSPO1
Q92692,NECTIN2
O00241,SIRPB1
Q96QR1,SCGB3A1
Q96SM3,CPXM1
O95867,LY6G6C
Q99674,CGREF1
P24821.5,TNC
P24821.6,TNC
Q9NRM6,IL17RB
O00622,CCN1
Q9H169,STMN4
Q32P28,P3H1
Q2TBF2,WSCD2
P09958,FURIN
Q99LC4.99,Igh
O95206,PCDH8
Q16842,ST3GAL2
Q8IX19,MCEMP1
Q6UX46,ALKAL2
Q14165,MLEC
Q6ZRI8,ARHGAP36
Q765I0,UTS2B
Q9BQT9,CLSTN3
Q86Y30,BAGE2
Q99LC4.100,Igh
Q8WWZ8,OIT3
Q99LC4.101,Igh
Q9BXJ1,C1QTNF1
Q6P4A8,PLBD1
Q9Y5H3,PCDHGA10
Q92874,DNASE1L2
P12644.1,BMP4
P36268,GGT2P
Q99LC4.102,Igh
Q6UXI9,NPNT
P02655,APOC2
P40259,CD79B
P14616,INSRR
Q99LC4.103,Igh
Q6MZM0,HEPHL1
P08861,CELA3B
Q8NAT1,POMGNT2
Q7Z7B8,DEFB128
Q15256,PTPRR
Q9H1Z8,ECRG4
Q99LC4.104,Igh
Q9BX59,TAPBPL
Q99LC4.105,Igh
Q96J42,TXNDC15
Q06828,FMOD
Q9H114,CSTL1
O75398,DEAF1
O43827,ANGPTL7
Q9Y2T7,YBX2
P80370,DLK1
Q8NBI6,XXYLT1
Q7Z4W2,LYZL2
Q86SI9,IRX2-DT
Q86TH1,ADAMTSL2
Q14197,MRPL58
O00462,MANBA
O43897,TLL1
Q8IUB2,WFDC3
Q6PCB0,VWA1
Q99LC4.106,Igh
Q96EE4,CCDC126
Q99LC4.107,Igh
P0C0P6,NPS
Q8N6C8,LILRA3
O76076,CCN5
P14625,HSP90B1
Q96T91,GPHA2
P36776,LONP1
Q8IZN7,DEFB107B
Q8NBR0,TP53I13
Q99LC4.108,Igh
Q9UKJ1.1,PILRA
O75973,C1QL1
P11465,PSG2
Q9C002,COXFA4L3
O00515,LAD1
P55103.1,INHBC
Q8IZF2,ADGRF5
Q14641,INSL4
Q30KP9,DEFB135
Q99LC4.109,Igh
Q5VXJ0,LIPK
Q86UD1,OAF
P22792,CPN2
Q86XP6,GKN2
Q99LC4.110,Igh
Q99LC4.111,Igh
Q9NX18,SDHAF2
P05015,IFNA16
Q5GAN3,RNASE13
Q99542,MMP19
Q8N3H0,TAFA2
Q9UHG3,PCYOX1
Q96MK3,FAM20A
O75106,AOC2
Q9H972,C14orf93
Q13361,MFAP5
Q9UKP5,ADAMTS6
Q86Y29,BAGE3
Q99LC4.112,Igh
Q16557,PSG3
P26022,PTX3
Q99985,SEMA3C
P51161,FABP6
Q9BXN1,ASPN
Q8NHJ6,LILRB4
P52565,ARHGDIA
Q86UW8,HAPLN4
Q00889,PSG6
Q9Y5H4,PCDHGA1
P04843.1,RPN1
P02656,APOC3
Q99727,TIMP4
P83859,QRFP
Q6DKI7,PVRIG
Q99LC4.113,Igh
Q8NBL1,POGLUT1
Q86UU9,TAC4
O95868,LY6G6D
P23142,FBLN1
Q92496,CFHR4
P40967,PMEL
Q9NP55,BPIFA1
A6NGN9,IGLON5
Q8WVQ1,CANT1
P15814,IGLL1
Q9H2R5,KLK15
Q66K79,CPZ
Q96QH8,SPACA5B
P05305,EDN1
P80370.1,DLK1
O15537,RS1
Q9Y4K0,LOXL2
P49755,TMED10
O15394,NCAM2
O95969,SCGB1D2
Q8TEB7,RNF128
Q96LR4,TAFA4
P55107.1,GDF10
Q9UBU3,GHRL
P08493,MGP
P47972,NPTX2
Q99LC4.114,Igh
Q6B8I1,DUSP13A
Q9NY56,OBP2A
Q7L0X0,TRIL
Q9UBQ6,EXTL2
Q99935,OPRPN
Q96A26,FAM162A
Q8WZ79,DNASE2B
Q8NHP8,PLBD2
Q8IYS2,KIAA2013
P81277,PRLH
Q92832,NELL1
P04156,PRNP
O60235,TMPRSS11D
Q96N03,VSTM2L
Q14773,ICAM4
Q8IW75,SERPINA12
Q9UL16,CFAP45
Q9UJZ1,STOML2
Q9UJA9,ENPP5
Q8TF66,LRRC15
Q9Y6Z7,COLEC10
Var.4010,Var.4010
P0DMV8.7,HSPA1A
Q5TAT6,COL13A1
Q8N4C9,C17orf78
Q86VH4,LRRTM4
O60667,FCMR
Q93070,ART4
Q16363,LAMA4
Q9H2S6,TNMD
P20742,PZP
P23327,HRC
O75078,ADAM11
Q96NI6,LRFN5
Q14435,GALNT3
Q9NPB0,SAYSD1
Q8TBP5,FAM174A
Q8J025,APCDD1
Q8NC24,RELL2
P23352,ANOS1
Q8TB73,NDNF
P35858,IGFALS
Q15726,KISS1
P09543,CNP
Q6UW63,POGLUT2
Q6PL45,BRICD5
Q6DN72,FCRL6
Q96FE5,LINGO1
P04090,RLN2
Q9ULZ1,APLN
O96014,WNT11
Q8NBU5,ATAD1
Q9NRB3,CHST12
P54315,PNLIPRP1
P60022,DEFB1
P20849.1,COL9A1
B0FP48,UPK3BL1
P0CG47,UBB
P0CG48,UBC
O95631,NTN1
P0CG47.1,UBB
Q08722,CD47
P10696,ALPG
Q86VZ4.1,LRP11
P10696.1,ALPG
P02786,TFRC
Q8NEQ5,C1orf162
O94766,B3GAT3
Q9H0N5,PCBD2
Q9Y385,UBE2J1
O43300,LRRTM2
Q8N6Q1,TMCO5A
Q10469,MGAT2
Q6EIG7,CLEC6A
Q86XE3,MICU3
P26583,HMGB2
Q6UWJ8,CD164L2
Q9BY71,LRRC3
P06307,CCK
P02008,HBZ
Q6UXV0,GFRAL
O60512,B4GALT3
O00469,PLOD2
Q9Y5X2,SNX8
P52848,NDST1
O43173,ST8SIA3
P61647,ST8SIA6
P08648,ITGA5
Q9BQ48,MRPL34
Q99LC4.115,Igh
Q969W9,PMEPA1
Q9BWL3,LTAP1
O60330,PCDHGA12
Q9HDC5,JPH1
Q8NBK3,SUMF1
Q9Y274,ST3GAL6
Q92562,FIG4
Q96FT7,ASIC4
Q13596,SNX1
Q6UXB1,IGFL3
P79483,HLA-DRB3
Q9UHC6,CNTNAP2
P61266,STX1B
Q99LC4.116,Igh
Q8TCV5,WFDC5
P04233,CD74
O95295,SNAPIN
Q969P0,IGSF8
Q9Y662,HS3ST3B1
Q9HCN8,SDF2L1
Q9Y231,FUT9
P02042,HBD
Q9UK00,C3orf18
Q9ULW5,RAB26
Q12797,ASPH
Q86SR1,GALNT10
Q9BXS0,COL25A1
Q9Y296,TRAPPC4
P21854,CD72
Q6PIL6,KCNIP4
Q99LC4.117,Igh
O75023,LILRB5
Q02742,GCNT1
Q9UJK0,TSR3
O75326,SEMA7A
Q9GZS9,CHST5
Q99LC4.118,Igh
Q92187,ST8SIA4
Q12983,BNIP3
Q96LM9,C20orf173
Q7Z692,CEACAM19
O75077,ADAM23
Q7Z3B1.1,NEGR1
Q9UHP7,CLEC2D
Q99LC4.119,Igh
Q6PI73,LILRA6
Q96HE7,ERO1A
Q9BV40,VAMP8
O95866,MPIG6B
Q5JX69,FAM209B
Q96NA8,TSNARE1
P23276,KEL
Q9UKM7,MAN1B1
Q8WYQ4,C22orf15
O95672,ECEL1
Q99LC4.120,Igh
O00481,BTN3A1
Q6ZMB0,B3GNT6
O95460,MATN4
Q8NBI3,DRAXIN
Q15517,CDSN
Q9BT88,SYT11
Q10472,GALNT1
Q8N807,PDILT
Q96DB5,RMDN1
Q9Y6F8,CDY1B
Q8N475,FSTL5
P06729,CD2
Q86V35,CABP7
Q9BTV7,CABLES2
Q86WS3,OOSP2
O75264,SMIM24
Q9UBS4,DNAJB11
Q9HAV7,GRPEL1
P04279,SEMG1
Q8IYS5,OSCAR
O75830,SERPINI2
Q8IVU1.1,IGDCC3
O43581,SYT7
Q86TS9,MRPL52
Q9HBE4,IL21
Q99LC4.121,Igh
P02652,APOA2
Q5GFL6,VWA2
Q6ISS4,LAIR2
P24821.7,TNC
Q86Z23,C1QL4
Q99LC4.122,Igh
Q9UJ68,MSRA
Q8IW52,SLITRK4
P08217,CELA2A
Q9UQ53,MGAT4B
P15169,CPN1
Q8NFS9,GCNT2
Q96I82,KAZALD1
Q06033,ITIH3
P13667,PDIA4
Q8IUA0,WFDC8
Q9BQD7,ANTKMT
Q9NPE2,NGRN
Q6P5S2,LEG1
P20851,C4BPB
Q6P4F1,POFUT3
Q9UN74,PCDHA4
O95479,H6PD
Q9GZZ8,LACRT
Q9P0L0,VAPA
Q8N3T6.1,TMEM132C
Q9Y5H1,PCDHGA2
Q9NTK1,DEPP1
O94856,NFASC
P01570,IFNA14
O95292,VAPB
Q6UXH0,ANGPTL8
Q14002,CEACAM7
P40197,GP5
Q13277,STX3
Q5SGD2,PPM1L
Q7LGC8,CHST3
Q14BN4,SLMAP
Q8IU57,IFNLR1
Q9H158,PCDHAC1
Q9Y639,NPTN
P05000,IFNW1
Q9Y5T4,DNAJC15
O75063,FAM20B
O14994,SYN3
Q9ULH4,LRFN2
Q9H1K1,ISCU
Q9H3T2.1,SEMA6C
Q9Y644,RFNG
Q3KPI0,CEACAM21
P09467,FBP1
Q13123,IK
Q9UBM8,MGAT4C
P51693,APLP1
P07998,RNASE1
P00387,CYB5R3
P14415,ATP1B2
P0DMV8.8,HSPA1A
Q07065,CKAP4
Q99584,S100A13
Q6PIZ9,TRAT1
Q8N4V1,MMGT1
O43405,COCH
Q969X2,ST6GALNAC6
Q6ZMR5,TMPRSS11A
O15547,P2RX6
Q8IYK4,COLGALT2
Q14703,MBTPS1
Q8IW00,VSTM4
Q9H665,IGFLR1
O95319,CELF2
Q5SZK8,FREM2
Q5T7V8,GORAB
Q9HD36,BCL2L10
Q9BXJ4,C1QTNF3
Q96PU8,QKI
Q96A98,PTH2
P13727,PRG2
Q8NCH0,CHST14
P61366,OSTN
Q86WD7,SERPINA9
O15270,SPTLC2
Q14392,LRRC32
Q01484,ANK2
P27348,YWHAQ
Q96HD1,CRELD1
Q12907,LMAN2
Q00872,MYBPC1
P16860.2,NPPB
Q14596,NBR1
Q06787,FMR1
P13569,CFTR
O75379,VAMP4
Q96PE5,OPALIN
P18564,ITGB6
P32856,STX2
Q969F0,FATE1
Q92541,RTF1
Q8N7C7,RNF148
Q3ZCQ8,TIMM50
Q9NZ45,CISD1
Q99LC4.123,Igh
Q9NX14,NDUFB11
P19404,NDUFV2
Q96HF1,SFRP2
Q8WXI8,CLEC4D
Q9BUP3.1,HTATIP2
P78504.1,JAG1
P18084,ITGB5
P01906,HLA-DQA2
Q9Y6U7,RNF215
Q9Y259,CHKB
O75324,SNN
P55287.1,CDH11
O43736,ITM2A
Q12836,ZP4
Q6UWE3,CLPSL2
P78314,SH3BP2
Q9UMS0,NFU1
P43627,KIR2DL2
Q8IZJ1.1,UNC5B
Q96LW7,CARD19
Q9NPF2,CHST11
P56851,EDDM3B
P01042.2,KNG1
Q15768.1,EFNB3
Q92478,CLEC2B
A6NI73,LILRA5
P18859,ATP5PF
Q13162,PRDX4
P15018,LIF
Q9GZT6,CCDC90B
Q07444.1,KLRC3
P11912.1,CD79A
Q9P0B6,CCDC167
Q99LC4.124,Igh
Q99LC4.125,Igh
Q99LC4.126,Igh
O43916,CHST1
O95249,GOSR1
Q9UBV7,B4GALT7
O94923,GLCE
Q9BWV2,SPATA9
Q9BXJ0,C1QTNF5
P05187,ALPP
Q8WX77,IGFBPL1
Q99LC4.127,Igh
Q99LC4.128,Igh
Q6ZN66,GBP6
Q13901,C1D
Q9NWW9,PLAAT2
Q9UJ37,ST6GALNAC2
Q8IXL7,MSRB3
Q8N2K0,ABHD12
Q9C098,DCLK3
Q8TC27,ADAM32
O60238,BNIP3L
Q99954,SMR3A
Q7Z5A8,TAFA3
Q96AP7,ESAM
O75920,SERF1B
Q99LC4.129,Igh
Q9UQ72,PSG11
Q99LC4.130,Igh
Q16769,QPCT
Q96KJ9,COX4I2
Q86W74,ANKRD46
Q9H2K0,MTIF3
O75880,SCO1
Q68D85,NCR3LG1
Q8WW52,FAM151A
P30990,NTS
Q9UN70,PCDHGC3
Q5GLZ8,HERC4
Q01974,ROR2
O00264,PGRMC1
Q9NYZ4,SIGLEC8
P53816,PLAAT3
Q96LL9,DNAJC30
Q9NSC7,ST6GALNAC1
Q24JP5,TMEM132A
Q99LC4.131,Igh
Q96PF2,TSSK2
P08567,PLEK
P60468,SEC61B
P08684.1,CYP3A4
P25786.1,PSMA1
Q8N5Y8,PARP16
O15269,SPTLC1
P10606,COX5B
Q9Y2R0,COA3
Q8N608,DPP10
P19224,UGT1A6
A2RU67,FAM234B
P11487,FGF3
Q8TCY5,MRAP
Q92796,DLG3
Q8TC05,MDM1
Q15836,VAMP3
P00738.1,HP
Q9P244,LRFN1
Q8IWT1,SCN4B
P31151,S100A7
O75976,CPD
P04745,AMY1C
Q92186,ST8SIA2
Q86VR8,FJX1
P35318.1,ADM
Q9C0C4,SEMA4C
P09693,CD3G
A6NFE2,SMCO2
P49223,SPINT3
Q9BVH7,ST6GALNAC5
O60507,TPST1
Q9Y3B2,EXOSC1
Q8NBV8,SYT8
Q9P0K1,ADAM22
Q9ULP0,NDRG4
O95461,LARGE1
A1A4F0,SLC66A1LP
Q86UP6,CUZD1
Q8N743,KIR3DL3
Q9H2E6,SEMA6A
Q96N21,TEPSIN
A6NH11,GLTPD2
Q6UXG8,BTNL9
Q96AJ9,VTI1A
Q13291,SLAMF1
P19827,ITIH1
Q5TGZ0,MICOS10
Q8WXD2,SCG3
Q9ULB5,CDH7
Q6S5H5,POTEG
P0C7L1,SPINK8
Q99LC4.132,Igh
A6NI47,POTEM
O95727,CRTAM
Q8NEX6,WFDC11
Q13508,ART3
Q6ZN44,UNC5A
Q9P0K9,FRRS1L
Q9NY97,B3GNT2
Q96L58,B3GALT6
Q9BYC8,MRPL32
Q9Y5F6,PCDHGC5
Q9Y3Q0,NAALAD2
A1L170,C1orf226
Q8N6M8,IQCF1
Q99LC4.133,Igh
Q6HA08,ASTL
Q86YB8,ERO1B
B2RUY7,VWC2L
Q14184,DOC2B
P49961.1,ENTPD1
Q8N109,KIR2DL5A
Q9H3S3,TMPRSS5
Q8N145,LGI3
O14556,GAPDHS
P84157,MXRA7
Q9NXW2,DNAJB12
P07858,CTSB
O00198,HRK
Q15526,SURF1
Q6ZNF0,ACP7
Q9H0V9,LMAN2L
Q5SRI9,MANEA
Q99LC4.134,Igh
Q9NNZ3,DNAJC4
Q96CU9,FOXRED1
Q96IQ7,VSIG2
Q9NZ72,STMN3
Q6P1L8,MRPL14
Q99LC4.135,Igh
O60704,TPST2
Q9NQ38,SPINK5
Q99LC4.136,Igh
Q99LC4.137,Igh
P59942,MCCD1
Q9H819,DNAJC18
A6NNA5,DRGX
Q9H425,C1orf198
P01225,FSHB
Q15738,NSDHL
Q8N128,FAM177A1
Q68G75,LEMD1
Q99LC4.138,Igh
Q5DT21,SPINK9
P49747,COMP
P55808,XG
Q8N743.1,KIR3DL3
P09382,LGALS1
Q8N4E7,FTMT
Q8N302,AGGF1
Q8TBM8,DNAJB14
P98153,DGCR2
Q99LC4.139,Igh
P40225.1,THPO
O14511,NRG2
Q6P995,FAM171B
Q9NVM1,EVA1B
P15151,PVR
P0C8F1,PATE4
Q86SS6,SYT9
Q9Y6H6,KCNE3
Q6NSJ0,MYORG
P07766.1,CD3E
P78352,DLG4
Q9Y5E2,PCDHB7
Q99LC4.140,Igh
Q9BUB7,TMEM70
Q8IXA5,SPACA3
Q99LC4.141,Igh
Q8N140,EID3
Q1L6U9,MSMP
Q8N7P1,PLD5
Q99LC4.142,Igh
Q9Y287,ITM2B
O43567,RNF13
Q8IVY1,C1orf210
P22736,NR4A1
Q6NSJ0.1,MYORG
Q8N5K1,CISD2
Q5VXI9,LIPN
P24557,TBXAS1
Q9BUD6,SPON2
Q7Z4H4,ADM2
Q6ZWK4,RHEX
Q13651.1,IL10RA
P43307,SSR1
Q8WY98,TMEM234
O60844,ZG16
Q96D05,FAM241B
P14174,MIF
Q6ZTQ4,CDHR3
P29323,EPHB2
Q99LC4.143,Igh
Q4G148,GXYLT1
P17948.1,FLT1
Q86UX2,ITIH5
P05060,CHGB
Q8TCD1,C18orf32
Q6X4U4,SOSTDC1
P0C7M8,CLEC2L
P00995,SPINK1
Q9BYC5,FUT8
Q9UMF0.1,ICAM5
Q08ET2,SIGLEC14
Q9UM73,ALK
Q12913,PTPRJ
Q6P988,NOTUM
Q8WZA1,POMGNT1
Q9Y6F6,IRAG1
Q8NBZ7,UXS1
Q99LC4.144,Igh
Q99LC4.145,Igh
P27105,STOM
Q8TAI1,TYMSOS
P42167,TMPO
Q9Y663,HS3ST3A1
Q6UWY0,ARSK
Q99LC4.146,Igh
P56937,HSD17B7
Q8NI17,IL31RA
O15400,STX7
Q5VY43,PEAR1
Q99LC4.147,Igh
P18509,ADCYAP1
Q99LC4.148,Igh
P02749,APOH
Q14956,GPNMB
Q99LC4.149,Igh
Q7Z4H8,POGLUT3
Q8IXB1,DNAJC10
Q8WWF3,SSMEM1
P59901,LILRA4
O75381,PEX14
Q9HB07,MYG1
O00300,TNFRSF11B
Q8IWU5,SULF2
O14668,PRRG1
Q9H3H3,C11orf68
Q12794,HYAL1
Q96DA0,ZG16B
Q8N690,DEFB119
Q99LC4.150,Igh
Q7Z699,SPRED1
Q9NWH9,SLTM
Q8N446,ZNF843
Q07654.1,TFF3
P08319,ADH4
Q6IA17,SIGIRR
Q9H4A9,DPEP2
Q9HBU6,ETNK1
Q8WWU5,TCP11
Q8IYS0,GRAMD1C
Q92729,PTPRU
Q30KQ9,DEFB110
Q9BWT3,PAPOLG
Q96SL4,GPX7
Q9UHL4,DPP7
Q9H1M3,DEFB129
Q6UWY2,PRSS57
Q96PQ1.1,SIGLEC12
O60939,SCN2B
B1AKI9,ISM1
P01178,OXT
Q9BR01,SULT4A1
P30048,PRDX3
O76036,NCR1
A8MWY0,ELAPOR2
Q9Y2C2,UST
Q9H7X2,C1orf115
Q86XK7,VSIG1
P20333.1,TNFRSF1B
Q14118,DAG1
Q96JP9,CDHR1
P08138,NGFR
P01229,LHB
Q99LC4.151,Igh
O95751,LDOC1
P80370.2,DLK1
Q99LC4.152,Igh
Q8IW41.1,MAPKAPK5
C9JXX5,FREY1
Q8WXA2,PATE1
Q9UBP0,SPAST
Q0VAA2,LRRC74A
P24310,COX7A1
Q30KQ5,DEFB115
P10153,RNASE2
Q6GMR7,FAAH2
Q6ZRP7,QSOX2
P49788,RARRES1
O94768.1,STK17B
P07492.1,GRP
Q9NRR1,CYTL1
P49327,FASN
Q9H3K6,BOLA2B
O14672,ADAM10
P05019.1,IGF1
Q6UXX9.1,RSPO2
P35222,CTNNB1
Q9BXY4.1,RSPO3
Q9P121.1,NTM
Q9Y2T1.1,AXIN2
P11006,magainins
P11006.1,magainins
P11006.2,magainins
P68408.1,MELT
P68408.2,MELT
P18509.1,ADCYAP1
Q9UBU3.1,GHRL
P26349.1,P26349.1
P26349.2,P26349.2
P18509.2,ADCYAP1
P37840,SNCA
P22004,BMP6
P01241,GH1
Q2I0M5,RSPO4
P09668,CTSH
P08476 P09529,P08476 P09529
P07288,KLK3
P18065,IGFBP2
O60930,RNASEH1
Q9TLS8 Q9TLS7,Q9TLS8 Q9TLS7
P10645,CHGA
P09238,MMP10
Q12805,EFEMP1
P10584.1,mdh
P10584.2,mdh
P33183.1,P33183.1
P08659.1,P08659.1
P41159,LEP
Q14145.1,KEAP1
Q99LC4.153,Igh
Q9UKF2,ADAM30
O14763.1,TNFRSF10B
Q6E0U4.1,DMKN
Q9H6L5,RETREG1
Q9BX97,PLVAP
Q9NVJ2,ARL8B
Q99LC4.154,Igh
Q6IE38,SPINK14
Q9H5V8.1,CDCP1
Q99LC4.155,Igh
Q9P0T7,TMEM9
Q07954.1,LRP1
Q14956.1,GPNMB
Q99LC4.156,Igh
Q99LC4.157,Igh
Q96PL5,ERMAP
Q8TEB7.1,RNF128
Q99LC4.158,Igh
Q9BS86,ZPBP
Q86VH4.1,LRRTM4
Q9NNZ3.1,DNAJC4
O14672.1,ADAM10
O95866.1,MPIG6B
Q9NRN5,OLFML3
Q504Y2,PKDCC
Q99LC4.159,Igh
Q8IUR0,TRAPPC5
Q99LC4.160,Igh
O15173.1,PGRMC2
Q53FT3,HIKESHI
Q9NUM4,TMEM106B
P56539,CAV3
Q99999,GAL3ST1
P35052,GPC1
Q9NZV1.1,CRIM1
Q8NCW6,GALNT11
P04233.1,CD74
P15813,CD1D
P18206,VCL
Q99LC4.161,Igh
P48645,NMU
Q99LC4.162,Igh
Q9UJ90,KCNE5
Q9UN72,PCDHA7
Q9NPC4,A4GALT
Q9BTE7,DCUN1D5
Q99LC4.163,Igh
A6NI73.1,LILRA5
P42892,ECE1
O95999,BCL10
Q99LC4.164,Igh
Q99LC4.165,Igh
P52799.1,EFNB2
Q9NT22,EMILIN3
Q8N5W8,FAM24B
O75477,ERLIN1
Q99LC4.166,Igh
Q13253,NOG
Q9P2E7,PCDH10
Q99LC4.167,Igh
Q6UWZ7,ABRAXAS1
Q96C12,ARMC5
Q6P995.1,FAM171B
Q99LC4.168,Igh
P35218,CA5A
Q99LC4.169,Igh
Q99LC4.170,Igh
P16444,DPEP1
P02786.1,TFRC
Q96AE7,TTC17
Q99LC4.171,Igh
Q15223,NECTIN1
Q9P218,COL20A1
Q99LC4.172,Igh
Q13596.1,SNX1
Q99LC4.173,Igh
Q14CZ8,HEPACAM
Q13145,BAMBI
P10599,TXN
Q6NUJ1,PSAPL1
Q6UWY5,OLFML1
Q7Z7K6,CENPV
P38484,IFNGR2
Q99LC4.174,Igh
Q99LC4.175,Igh
Q99LC4.176,Igh
Q9UKJ1.2,PILRA
Q6NXG1,ESRP1
Q10589,BST2
P50591,TNFSF10
P27824,CANX
O75121,MFAP3L
Q6P4E1.1,GOLM2
O75431,MTX2
P09871,C1S
Q8IUL8,CILP2
Q8IYS0.1,GRAMD1C
Q9Y2G1,MYRF
O15072,ADAMTS3
Q5R387,PLA2G2C
Q8TAQ9,SUN3
Q9UMR7,CLEC4A
Q9NR55,BATF3
O75493,CA11
P27986,PIK3R1
Q5EE01,CENPW
Q9NXS2,QPCTL
P09466,PAEP
Q99LC4.177,Igh
Q7KYR7,BTN2A1
P06748,NPM1
P60059,SEC61G
O75503,CLN5
P58401,NRXN2
P58658,EVA1C
Q96MU7,YTHDC1
P78536,ADAM17
Q8IZS8,CACNA2D3
Q9Y266,NUDC
A6NGZ8,SMIM9
Q9ULG6,CCPG1
Q14DG7,TMEM132B
Q9H3G5,CPVL
Q5VY43.1,PEAR1
P09874.1,PARP1
Q99729,HNRNPAB
A6NM11,LRRC37A2
Q99LC4.178,Igh
Q9HAW9,UGT1A8
Q92859,NEO1
P61981.1,YWHAG
P09669,COX6C
Q9NPA1,KCNMB3
Q8N967,LRTM2
Q9Y4X1,UGT2A2
Q9UJ90.1,KCNE5
P46926,GNPDA1
Q96RL6,SIGLEC11
Q13586,STIM1
Q14289.1,PTK2B
Q86U42,PABPN1
Q9ULS5,TMCC3
Q8N428,GALNT16
Q9NYX4,CALY
Q7LG56,RRM2B
E0CX11,STMP1
A6H8Y1,BDP1
P27469,G0S2
O75354,ENTPD6
Q06413,MEF2C
O95255,ABCC6
Q9NZ94.1,NLGN3
Q7Z2W9,MRPL21
Q99LC4.179,Igh
Q15018,ABRAXAS2
Q96RI1,NR1H4
Q99LC4.180,Igh
Q9H013,ADAM19
Q99LC4.181,Igh
Q9UQC9,CLCA2
Q6UVK1,CSPG4
P51858.1,HDGF
Q92918,MAP4K1
Q68CQ7,GLT8D1
Q96GP6,SCARF2
Q96DZ1,ERLEC1
O00533,CHL1
P78536.1,ADAM17
Q6P179,ERAP2
P23443.1,RPS6KB1
Q9UEU0,VTI1B
Q99LC4.182,Igh
Q9BV47,DUSP26
P08571.1,CD14
O43353,RIPK2
Q9ULB1,NRXN1
Q96PJ5,FCRL4
P39059,COL15A1
Q92600,CNOT9
Q00973,B4GALNT1
Q8IVH8,MAP4K3
Q99LC4.183,Igh
Q6Q8B3,CD200R1L
P49746,THBS3
Q8NBJ4.1,GOLM1
Q96JX3,SERAC1
Q8IWY4,SCUBE1
P54709,ATP1B3
Q96PJ5.1,FCRL4
Q9UHN6,CEMIP2
O43353.1,RIPK2
Q9P0V8,SLAMF8
Q9Y661.1,HS3ST4
P40198,CEACAM3
Q07837,SLC3A1
Q86U17,SERPINA11
Q9UEW3,MARCO
O15165,LDLRAD4
Q9UIW2,PLXNA1
O14668.1,PRRG1
Q99LC4.184,Igh
O94906,PRPF6
Q86YD3,TMEM25
Q9Y2Y8,PRG3
P55055,NR1H2
P09848,LCT
Q9P2E7.1,PCDH10
Q96D42,HAVCR1
Q7Z7B7,DEFB132
Q99LC4.185,Igh
Q9NZD4,AHSP
Q6UX41,BTNL8
Q8NFZ4,NLGN2
Q9NVV4,MTPAP
A1L188,NDUFAF8
P08922,ROS1
P50539,MXI1
Q9P2W9,STX18
O76095,JTB
Q5JTV8.1,TOR1AIP1
Q9UM22,EPDR1
Q9UBB9,TFIP11
Q8WYK1,CNTNAP5
O14975,SLC27A2
Q99LC4.186,Igh
O15427,SLC16A3
Q9BUV0,RSRP1
P24001,IL32
P52943,CRIP2
Q99LC4.187,Igh
P0CAP1,MYZAP
Q16186,ADRM1
Q9BVV7,TIMM21
Q92565,RAPGEF5
Q9UPX0,IGSF9B
O15013,ARHGEF10
Q99LC4.188,Igh
Q9Y6U7.1,RNF215
Q99LC4.189,Igh
Q5VZ66,JAKMIP3
Q0P5P2,C17orf67
Q99LC4.190,Igh
Q96IV6,FAXDC2
Q9UPX6,MINAR1
P01210,PENK
O60476,MAN1A2
Q13884,SNTB1
Q99LC4.191,Igh
Q99726,SLC30A3
Q5TEA6,SEL1L2
Q5JS37,NHLRC3
Q99LC4.192,Igh
Q8WXH2,JPH3
Q96C24.1,SYTL4
O95841.1,ANGPTL1
Q8WTT0,CLEC4C
Q15390,MTFR1
Q6UXG2.1,ELAPOR1
O00445,SYT5
Q6UWT4,C5orf46
Q5T4F4,ZFYVE27
Q5XG99,LYSMD4
Q8N2F6,ARMC10
Q99LC4.193,Igh
Q9BSW7,SYT17
Q96JJ6,JPH4
Q5DID0,UMODL1
O15204,ADAMDEC1
A8MVW5,HEPACAM2
Q9NZH8,IL36G
Q9BQI7,PSD2
Q10981,FUT2
Q99LC4.194,Igh
Q8N350,CBARP
P48740.1,MASP1
Q86UY8,NT5DC3
P58743,SLC26A5
Q9NZU0.1,FLRT3
Q9Y258,CCL26
Q16552,IL17A
P50461,CSRP3
P22894,MMP8
P36871,PGM1
O60469,DSCAM
P15941.1,MUC1
P58499.1,FAM3B
Q02297.1,NRG1
P38484.1,IFNGR2
Q07954.2,LRP1
P17181,IFNAR1
P04155,TFF1
P05114,HMGN1
Q07325.1,CXCL9
P08962,CD63
Q03403,TFF2
P47929,LGALS7B
O00182,LGALS9
P60604,UBE2G2
P37802.1,TAGLN2
P48047,ATP5PO
P01189.2,POMC
O95825,CRYZL1
P36955,SERPINF1
Q9UBX1,CTSF
O95954,FTCD
Q9UHP3,USP25
O15031,PLXNB2
Q9UMX5,NENF
P54753,EPHB3
Q6GPH6,ITPRIPL1
P55145,MANF
Q71RG4,TMUB2
P40313,CTRL
Q9NX62,BPNT2
P48307,TFPI2
Q9GZX9,TWSG1
Q8IUK5,PLXDC1
P11117,ACP2
Q9P1W8,SIRPG
Q8N1E2,LYG1
P50897,PPT1
Q99LC4.195,Igh
Q969H8,MYDGF
Q9P0T7.1,TMEM9
Q9Y2E5,MAN2B2
P16442,ABO
P12319,FCER1A
Q9P0M4,IL17C
Q15818,NPTX1
Q9BSH4,TACO1
Q99LC4.196,Igh
Q9HAT2,SIAE
P43234,CTSO
P48060,GLIPR1
Q9NP99,TREM1
Q9UI42,CPA4
Q13586.1,STIM1
O15389.1,SIGLEC5
P48052,CPA2
P48061.1,CXCL12
Q99LC4.197,Igh
P16562,CRISP2
P16070,CD44
P35270,SPR
Q9Y680,FKBP7
Q96TC7,RMDN3
P55001.1,MFAP2
P23468,PTPRD
Q7Z7M8,B3GNT8
Q8TAE8,GADD45GIP1
Q96PH6,DEFB118
P10966,CD8B
P25311,AZGP1
P23435,CBLN1
Q15238,PSG5
Q969V5,MUL1
Q9HC57,WFDC1
Q8N386,LRRC25
Q7Z7H5,TMED4
P08949,NMB
Q15293,RCN1
P19823,ITIH2
Q8N2G4,LYPD1
Q86YW5.1,TREML1
Q30KP8,DEFB136
Q96DN0,ERP27
Q00887,PSG9
P20366,TAC1
Q99LC4.198,Igh
P26885,FKBP2
Q9NWM8,FKBP14
Q9GZP0.1,PDGFD
P14784,IL2RB
Q8IUB5,WFDC13
Q99LC4.199,Igh
Q9NZP8,C1RL
Q6MZW2,FSTL4
Q99LC4.200,Igh
Q99LC4.201,Igh
O75629,CREG1
Q99LC4.202,Igh
Q6UY11,DLK2
O43854,EDIL3
Q9Y5I4,PCDHAC2
Q99LC4.203,Igh
Q8WUE5,CT55
Q5T1H1,EYS
Q9HBE5,IL21R
Q9HBL6,LRTM1
Q9HCJ2,LRRC4C
Q92820,GGH
O60487,MPZL2
Q99LC4.204,Igh
Q16517,NNAT
P21583,KITLG
Q8N539,FIBCD1
Q96HG1,SMIM10
Q9BX93,PLA2G12B
Q15782,CHI3L2
P49913.1,CAMP
P10253,GAA
Q8N6N2,TTC9B
Q99LC4.205,Igh
Q96PE7,MCEE
Q99LC4.206,Igh
Q9UHG2,PCSK1N
Q9UM21,MGAT4A
Q9Y646,CPQ
Q9UBC7,GALP
Q86V40,TRABD2A
Q8N8Z6,DCBLD1
Q15661,TPSAB1
Q13705,ACVR2B
P14384,CPM
Q99LC4.207,Igh
P43235,CTSK
Q14129,DGCR6
Q8NEA5,C19orf18
P04003,C4BPA
O14519,CDK2AP1
P07911,UMOD
P49765,VEGFB
P51636,CAV2
P25445.1,FAS
Q99LC4.208,Igh
Q99LC4.209,Igh
Q12907.1,LMAN2
Q5JXM2,METTL24
P07307,ASGR2
O75715,GPX5
Q14558,PRPSAP1
Q9BW91,NUDT9
Q14126,DSG2
Q8N687,DEFB125
P01286.1,GHRH
Q8N8J7,FAM241A
Q99LC4.210,Igh
Q99LC4.211,Igh
Q99LC4.212,Igh
Q6UXB2,CXCL17
Q99LC4.213,Igh
Q99LC4.214,Igh
Q5H8A3,NMS
P51159,RAB27A
O14791.1,APOL1
Q99LC4.215,Igh
Q9NVV0,TMEM38B
O95156,NXPH2
Q99LC4.216,Igh
Q9HCT0,FGF22
Q53H76,PLA1A
O95831,AIFM1
Q9NQX7.1,ITM2C
Q6ZUB0,SPATA31D4
Q13308,PTK7
A2RUU4,CLPSL1
Q99LC4.217,Igh
O00453,LST1
Q9NX94,WBP1L
Q99LC4.218,Igh
Q14507,EDDM3A
Q99LC4.219,Igh
Q9Y5Z6,B3GALT1
Q96MW5,COG8
Q9H7B7,PKD1L1-AS1
P49863,GZMK
Q96A84,EMID1
Q96AE7.1,TTC17
Q9H8J5,MANSC1
P13611,VCAN
Q96IZ0,PAWR
Q99LC4.220,Igh
Q8WWV6,FCAMR
Q6PKC3,TXNDC11
O00499,BIN1
P50219,MNX1
Q8N9I0,SYT2
A6NHS7,MANSC4
Q9BZD6,PRRG4
Q13753,LAMC2
O94906.1,PRPF6
Q6UWL2,SUSD1
Q9Y225,RNF24
Q99LC4.221,Igh
Q9H6B4.1,CLMP
O14548,COX7A2L
Q8TAD4,SLC30A5
O60909,B4GALT2
Q96PZ7,CSMD1
Q8IYJ0.1,PIANP
Q9UPZ6.1,THSD7A
Q5VU65,NUP210L
Q6MZM9,PRR27
Q9NSD4,ZNF275
Q99LC4.222,Igh
Q495A1.1,TIGIT
Q15198,PDGFRL
O75054,IGSF3
P51512.1,MMP16
Q9H8L6,MMRN2
Q9NPC3,CCNB1IP1
Q8N2G8,GHDC
P40200,CD96
Q96CS3,FAF2
P43246,MSH2
Q13838,DDX39B
Q8WW22,DNAJA4
O60573,EIF4E2
P27448,MARK3
P21266,GSTM3
P67809,YBX1
P15311,EZR
P16083,NQO2
Q8N8S7,ENAH
P62701,RPS4X
P14902,IDO1
P50552,VASP
P52597,HNRNPF
Q9NXR1,NDE1
Q0D2K3,RIPPLY1
Q8NFT8.1,DNER
Q8NFZ4.1,NLGN2
Q8NC42,RNF149
Q9ULK6,RNF150
Q4KMG9,TMEM52B
Q9BSE4,HERPUD2
Q9NVH1,DNAJC11
P46695,IER3
Q8WXH0,SYNE2
Q8IWQ3,BRSK2
Q8TDY8,IGDCC4
Q96D53,COQ8B
P19835,CEL
Q99LC4.223,Igh
O95169,NDUFB8
Q96AD5,PNPLA2
Q99LC4.224,Igh
Q9NPR2,SEMA4B
Q9UPQ9,TNRC6B
Q07960.1,ARHGAP1
Q96CN7,ISOC1
Q07820.1,MCL1
P00374,DHFR
P49789,FHIT
P07864,LDHC
Q06520,SULT2A1
Q9UKW4,VAV3
Q9UN86,G3BP2
Q93099,HGD
P00325,ADH1B
P47895,ALDH1A3
P27707,DCK
P15559,NQO1
Q15797,SMAD1
P58753,TIRAP
P60953,CDC42
P22234,PAICS
P35222.1,CTNNB1
P12814,ACTN1
P35609,ACTN2
P52566,ARHGDIB
Q9GZN2,TGIF2
P51946.1,CCNH
P27695,APEX1
P47813,EIF1AX
P09913,IFIT2
P61586,RHOA
P49366,DHPS
P21673,SAT1
P67936,TPM4
Q99614,TTC1
P63146,UBE2B
O00757,FBP2
P19838,NFKB1
P23381,WARS1
P26232,CTNNA2
P11474,ESRRA
P42772,CDKN2B
Q96FV9,THOC1
P09972,ALDOC
P46109,CRKL
P48775,TDO2
Q04760,GLO1
Q9Y3C6,PPIL1
P10114,RAP2A
Q13426,XRCC4
Q7Z6E9,RBBP6
Q8TED9,AFAP1L1
P54368,OAZ1
Q9UM54,MYO6
Q92889,ERCC4
P55316,FOXG1
Q14566,MCM6
O14497,ARID1A
O43896,KIF1C
P12036,NEFH
Q9GZT9,EGLN1
Q99LC4.225,Igh
Q9BQ16,SPOCK3
O95271,TNKS
Q99LC4.226,Igh
Q13126,MTAP
Q9P2E9,RRBP1
Q9NT99.1,LRRC4B
Q99LC4.227,Igh
P05937,CALB1
Q07889,SOS1
Q96GP6.1,SCARF2
P25815,S100P
Q8IZW8,TNS4
O75829,CNMD
P56937.1,HSD17B7
O75899.1,GABBR2
P04264,KRT1
O95754,SEMA4F
Q9UN42,ATP1B4
Q00169,PITPNA
Q8TBB1,LNX1
P17302,GJA1
Q4G0W2,DUSP28
Q9Y5F3,PCDHB1
Q9UKK6,NXT1
Q92547,TOPBP1
P18627,LAG3
Q9UKA2.1,FBXL4
Q00059,TFAM
Q92617,NPIPB3
Q8N7C7.1,RNF148
Q13444.1,ADAM15
Q9Y508,RNF114
Q9UK28,TMEM59L
Q92609,TBC1D5
Q9HBB8,CDHR5
Q9UN67,PCDHB10
P0CAP1.1,MYZAP
Q86VW1,SLC22A16
Q92575,UBXN4
Q7Z408,CSMD2
Q9NYJ7,DLL3
Q86WK6,AMIGO1
A2RU67.1,FAM234B
Q8N3Z0,PRSS35
Q96EC8,YIPF6
Q8N729,NPW
Q50LG9,LRRC24
O43296,ZNF264
P51164,ATP4B
P33316,DUT
Q92575.1,UBXN4
O14896,IRF6
